FILE_ID,mean,std,energy,entropy
CMU_a_0050642,-0.009600055699152484,23.282406189981764,25585729.023380697,0.771307602187623
CMU_a_0050646,-0.22176444847457627,26.734626224393583,33738060.56871183,0.6565431668890325
CMU_a_0050647,-0.030936704504950528,27.466894803531588,30479023.196009424,0.5663307683115026
CMU_a_0050649,0.0066067035805085226,23.67376022975419,26453096.84544078,0.8043362033243926
CMU_a_0050653,0.16965805688559332,24.4858094222448,28300348.13456539,0.6759137082512479
CMU_a_0050654,0.4160685814194915,33.392526816399844,52639042.923725754,0.5685112741126169
CMU_a_0050656,0.5046570948305085,33.669189552885385,53518616.98556631,0.5598828892353268
CMU_a_0050659,-1.2453017590466107,32.06268136327922,48595529.958224915,0.6524304328949091
CMU_a_0050660,-0.01666671855932186,34.186030028946874,55161928.550603464,0.5111730109569975
CMU_a_0050663,-0.36618075137711814,26.274062495207602,32589733.16187238,0.7508529506027807
CMU_a_0050664,-0.03447595536016926,25.49931507003845,30690207.360258155,0.5421974359037612
CMU_a_0050665,0.10087679650423721,28.61624481218628,38652063.16277121,0.6656845204383539
CMU_a_0050666,-0.30102269690677963,21.562761631289884,21950043.94086474,0.9287790669498039
CMU_a_0050668,0.039717438644067654,28.71904360731085,38929854.03873578,0.5696346601408514
CMU_b_0050643,-0.1143076020569621,31.814330781733585,63968809.62886278,0.5154777032257464
CMU_b_0050644,-0.2254122112183545,21.386262440879754,28909135.613245506,0.7405190265051881
CMU_b_0050645,-0.15993417903481014,34.148081939932965,73698599.40025756,0.5223709304423866
CMU_b_0050648,-0.26365771128164545,25.236933983950777,40256652.66529731,0.7515576183252505
CMU_b_0050650,-0.04793230041139266,42.736073865285746,115426856.19763361,0.43331310661890843
CMU_b_0050651,-0.12361464748417716,23.29013975887028,34282580.283947065,0.50549308851858
CMU_b_0050652,-0.08287724696202531,23.84162969173183,35924787.05973031,0.7217803299832732
CMU_b_0050655,-0.15361781824367055,27.851153517853962,49024894.16481836,0.6287153698759776
CMU_b_0050657,0.15533732273734172,21.801649583601737,30041238.628599808,0.6469689636566187
CMU_b_0050658,-0.11991358343354419,17.061664902316224,18398454.63360581,0.8929935988869965
CMU_b_0050661,0.14328993354430364,26.285794524233562,43668894.82899785,0.6233790715761057
CMU_b_0050667,-0.330868035379747,23.215881121572643,34070273.74617479,0.781809596865807
CMU_b_0050669,0.06840045599683547,16.70724284440287,17641435.77972343,0.9105688998205144
Caltech_0051456,0.06759915705479459,17.259515712860487,8698547.206824565,0.7440052112029802
Caltech_0051457,0.01147884438356177,20.826543109762497,12665354.866266591,0.8552890117482677
Caltech_0051458,-0.011345314691780704,14.837970142757774,6428832.210867268,1.0344998481816465
Caltech_0051459,0.0541588393835615,22.486568304472012,14764941.668913804,0.6933657611367741
Caltech_0051460,-0.12229282061643841,14.602308908342957,6226677.524868474,0.9566167459448512
Caltech_0051461,0.0337996583904104,30.994402543702446,28051100.6385729,0.5856470372867293
Caltech_0051462,0.056771956198630416,21.74261515835555,13804140.479797408,0.7178972092906919
Caltech_0051463,-0.01472317636986301,18.006805545148683,9467961.671211416,0.95278911310851
Caltech_0051464,-0.029045869349315037,16.120758665679066,7588487.345692112,0.7434087210192795
Caltech_0051465,-0.04224855404109585,21.955311495849344,14075494.64434671,0.8542091872250388
Caltech_0051466,0.08347285647260283,14.93307638407671,6511709.149904767,1.2178464715884159
Caltech_0051467,0.0698819379452053,21.895478583134008,13998972.483396146,0.7075409470973733
Caltech_0051468,0.06860501808219176,18.452341151867056,9942413.138495062,0.8893191442940208
Caltech_0051469,-0.006763202054794521,9.265042741051834,2506559.031845044,0.8723604698536901
Caltech_0051470,-0.14536072006849307,16.66815414307587,8113175.974467264,0.8214003029591438
Caltech_0051471,0.04276117065068488,10.294195801110682,3094391.0347121498,1.2892641371906906
Caltech_0051472,-0.215810240239726,20.808785089703193,12645121.64030199,0.6975284454418132
Caltech_0051473,-0.17141118065068492,19.53493437114755,11143976.846194502,0.784881445565345
Caltech_0051474,0.12591626517123286,22.931976278950422,15356028.616154045,0.6470137554680404
Caltech_0051475,0.010332138527397245,18.667708452581152,10175716.612210767,0.7911223417829446
Caltech_0051476,0.12839167428082204,20.418402164496083,12174286.836095193,0.6648579586865195
Caltech_0051477,0.19383331722602734,26.9557417892125,21218167.933437668,0.6812802720835036
Caltech_0051478,0.014493658972602727,8.73803827789507,2229522.8719536075,0.7873316628798783
Caltech_0051479,0.21760325400684932,22.09932738940668,14262086.569417775,0.710629668146457
Caltech_0051480,0.0842516834931506,14.368270169181184,6028465.151221997,1.024024001290589
Caltech_0051481,0.08441279232876704,22.212750644591488,14407671.768174604,0.6585831152455442
Caltech_0051482,0.08728305236301358,20.103255766770385,11801136.51405816,0.8374832003869813
Caltech_0051483,0.0467768306849316,16.378453448472094,7833073.022721165,1.0510138607320898
Caltech_0051484,-0.17130069133561632,21.36231643552878,13326234.896620637,0.42689549677355615
Caltech_0051485,0.08921251171232873,22.353999927685468,14591510.731864875,0.7699319388004489
Caltech_0051486,0.05419680763698636,19.538132747421304,11146853.801654594,0.9331984343540193
Caltech_0051487,0.018546237123287526,20.4362176409021,12195068.594533503,0.5904569327187015
Caltech_0051488,-0.14503421777397257,22.809618756863035,15192752.488526683,0.5850089605426547
Caltech_0051489,-0.02022890900684955,25.452373971956188,18916453.50049851,0.43201663457711437
Caltech_0051490,-0.04018808633561645,15.164595088095906,6715023.530631025,1.0041404226237516
Caltech_0051491,-0.13990781791095894,16.67223228753962,8117100.786497984,0.9912881142391234
Caltech_0051492,0.05861827517123293,18.925585896088126,10458892.138281899,0.9399939793562205
Caltech_0051493,0.052265806369863034,15.319255950913387,6852724.170440033,0.9506284754618632
KKI_0050772,-0.04380572802631566,31.488334693597203,30142121.077821277,0.5563258227632971
KKI_0050773,-0.04083192240131573,27.726934581294007,23371050.883045834,0.8380326547362341
KKI_0050774,-0.08384102171052629,20.805376314016396,13159269.671696583,0.7993556805548322
KKI_0050775,-0.04440281296052669,31.084900116288708,29374698.800223112,0.6678856643471096
KKI_0050776,-0.04315076450657889,29.87587493096497,27134120.85232581,0.503926743315516
KKI_0050777,0.14115937141447377,25.831702175041652,20285821.602136973,0.7264301975413985
KKI_0050778,-0.0712482712171054,34.86683750616591,36957323.59352488,0.498583519134164
KKI_0050779,0.0029292437828949483,22.710847070799417,15679790.530912712,0.604449946979323
KKI_0050780,-0.43108503417763167,32.67582626053082,32464021.86589866,0.47662535129927025
KKI_0050781,-0.3556834839802632,35.02891344404161,37305399.14945244,0.6512765477034697
KKI_0050782,0.15221775539473692,26.54412798014071,21420262.574322853,0.7112353249573868
KKI_0050783,-0.03051508552631587,24.79820860978522,18694543.275316063,0.746073279326395
KKI_0050784,-0.041538763684210736,32.70723552807041,32520855.43326982,0.4359276229602208
KKI_0050785,0.19910493536184234,34.90272812786599,37034498.2357076,0.43695884558484566
KKI_0050786,0.05917143338815783,28.512513728256224,24714194.987020876,0.6782530988506813
KKI_0050787,0.20526363769736858,39.47003716013057,47360949.384124696,0.4230728038327986
KKI_0050788,0.05985455384868435,30.4346961229518,28158739.04418662,0.7607236366818536
KKI_0050789,0.06743278601973687,32.49897022024569,32108103.421734214,0.5032059936391082
KKI_0050790,0.012381775559210419,22.198917393947827,14980879.437859235,0.8960581029345224
KKI_0050791,0.033622308225806335,26.70262675406242,17683178.86945424,0.6710155108505378
KKI_0050792,-0.04995587556451622,31.69294534716095,24910242.95311733,0.5178335239138733
KKI_0050793,-0.04183995532258065,24.607345345908,15016975.249755109,0.5445054999225067
KKI_0050794,0.10692215149193551,34.32627878803788,29221960.22495836,0.40688414201998513
KKI_0050795,-0.21872298917763133,26.700828152525155,21674654.73881091,0.6136222240905748
KKI_0050796,0.18893356878289494,43.607196116341115,57809346.77028245,0.286131287601725
KKI_0050797,-0.4193900306907898,59.51618987809901,107687523.46635488,0.31696740872249346
KKI_0050798,-0.0363058368750001,33.9958779318512,35133919.447922,0.553998644533368
KKI_0050799,-0.02690384868421039,23.286639590027633,16484956.539272657,0.9158824228911961
KKI_0050800,0.24191461473684236,39.410376174838646,47218382.69686263,0.45450114364278676
KKI_0050801,0.08283140950657926,33.49797196407894,34112477.997158036,0.43222587984761546
KKI_0050802,0.16628443177631558,30.469589155978763,28224074.82093025,0.7487710306348302
KKI_0050803,-0.12135937388157907,26.92063470281466,22031953.147360545,0.37943483561627944
KKI_0050804,-0.35668885753289464,32.371169146615095,31859802.49333954,0.5008989781291362
KKI_0050805,-0.3854809192763157,36.958391163484656,41528566.69714091,0.35478670596228984
KKI_0050806,0.4332149022463771,65.47947597846301,118341884.80801173,0.15287764651539687
KKI_0050807,-0.15991339756578937,44.853393796148424,61160316.22274344,0.37204698496681426
KKI_0050808,-0.3906972959210526,36.20822475703239,39860120.806757525,0.3508057804884539
KKI_0050809,0.15262014302631555,35.932520092179956,39251546.5097224,0.28311089717519994
KKI_0050810,0.06186197490131564,31.460033459997796,30088020.979126833,0.540495788552087
KKI_0050811,0.024381945526315726,25.09557097771226,19145563.626170512,0.7821457531305789
KKI_0050812,-0.6586552842434215,32.01014461727254,31162528.83014578,0.549718296886127
KKI_0050813,0.0991220211513158,35.60599746037732,38541025.161833584,0.5489600203053893
KKI_0050814,0.17225766243421062,27.16388991099052,22432360.269079875,0.5046878883750786
KKI_0050815,-0.1263110126973683,36.37288451656668,40219281.54883371,0.47700765709015713
KKI_0050816,0.10232053915322586,26.58686892016523,17530427.298075352,0.8081750239214419
KKI_0050817,-0.03399015032258038,28.476902722544484,20111191.571189594,0.5403451777322645
KKI_0050818,0.019682187269736744,19.377113531629064,11414376.652666593,0.6583517723042644
KKI_0050819,-0.07049475667763133,23.475739523689025,16753905.597122345,0.744733569667932
KKI_0050820,0.014024760394737077,27.886338048836127,23640500.612623233,0.5392264299359953
KKI_0050821,0.22958078296052625,34.02209027447536,35189682.15300585,0.5892787367770382
KKI_0050822,-0.13053997375000012,28.86596944509495,25331141.47377302,0.5908990198215754
KKI_0050823,-0.09503279657894743,27.836517247007695,23556373.999731626,0.6409704444680603
KKI_0050824,-0.06407026098684217,27.610622011674458,23175456.80724511,0.6283545481682682
KKI_0050825,-0.17956688269736829,23.918204136029683,17392227.09408773,0.6454694935053109
KKI_0050826,0.7413620953618419,48.93395546194089,72810481.09319268,0.2021928564942357
Leuven_1_0050682,-0.378194356686992,37.68527100188322,69879875.92767507,0.3999514138374798
Leuven_1_0050683,0.017050530000000085,26.983400736934318,35822726.9376876,0.68931735232595
Leuven_1_0050685,-0.16805695715447175,32.12543538677639,50777934.62299499,0.6460222411773243
Leuven_1_0050686,-0.05727746658536583,34.53438338872288,58677244.30397589,0.4784467520678389
Leuven_1_0050687,-0.20716711310975625,28.67495873386769,40456971.88880704,0.6341487619563537
Leuven_1_0050688,-0.10182115205284548,25.218032657090227,31289209.301140867,0.9020331936573323
Leuven_1_0050689,-0.11555055697154494,25.968753890177762,33179964.902560078,0.7063454121534083
Leuven_1_0050690,0.27778591713414635,36.35389647432967,65026801.330996245,0.5775420108712376
Leuven_1_0050691,0.0734753752845528,22.43113226674836,24755525.79523732,0.8021323794795773
Leuven_1_0050692,-0.02935848869918701,22.879471542333643,25754777.134883832,0.8266016372494536
Leuven_1_0050693,-0.15813349922764228,30.891892534095877,46953234.302651964,0.6566846490988878
Leuven_1_0050694,-0.022335763048780256,26.767117178662712,35250769.79837451,0.7297351838640254
Leuven_1_0050695,-0.0005536151422765256,27.011781017210716,35898106.65018916,0.7876169605250387
Leuven_1_0050696,0.10566214422764257,27.957851674651977,38457309.62972771,0.6470372362580209
Leuven_1_0050697,-0.16877025882113808,36.79044155959075,66595401.61865627,0.5389654875707783
Leuven_1_0050698,0.06746043079268309,22.440086928049695,24775252.97060896,0.8047457249032095
Leuven_1_0050699,-0.004643263861788654,37.869257617974725,70556770.14954467,0.389331157053439
Leuven_1_0050700,0.17150814876016263,69.80669930784347,239751830.41839767,0.2250541344854598
Leuven_1_0050701,0.030190586788617645,33.35123322682606,54725438.92570651,0.5290230449290427
Leuven_1_0050702,0.18249188394308952,29.41969553338378,42585147.997383565,0.612971807855516
Leuven_1_0050703,-0.03303991857723593,26.94805342890371,35728974.821968816,0.5636916073154671
Leuven_1_0050704,-0.13698872085365882,24.52161310138699,29585351.13018476,0.5338667952087279
Leuven_1_0050705,-0.1509226342073171,29.545374457664067,42949234.93066713,0.6620714749350687
Leuven_1_0050706,0.002220977195121869,25.747055686202476,32615215.366904624,0.6844119345791944
Leuven_1_0050707,-0.011687687256097336,27.710216866127542,37778527.76419676,0.6985596492571866
Leuven_1_0050708,0.02847436892276422,20.335031169934666,20344903.73081748,0.7190285181948646
Leuven_1_0050709,-0.21653428168699201,36.06945159592015,64011769.49585815,0.6324966585051224
Leuven_1_0050710,-0.2112999373373983,22.9019568187233,25807578.270477124,0.8028764586954581
Leuven_1_0050711,0.008449478658536229,31.23608344092698,48004094.62201432,0.5181148106784085
Leuven_2_0050722,-0.006858371727642119,27.147380231801073,36259430.783972524,0.6162019608456779
Leuven_2_0050723,-0.27216242298780496,27.908004385370745,38323394.43299128,0.6760477059443472
Leuven_2_0050724,-0.06643021290650386,23.93971257140273,28197221.14794859,0.6540492620578846
Leuven_2_0050725,-0.1385133088821141,29.466395871400806,42719753.44207272,0.6581124424081064
Leuven_2_0050726,0.1040548763008131,26.820318767088928,35391544.04832879,0.546009783770757
Leuven_2_0050727,0.0990984597967481,36.465197907608996,65422247.56413461,0.394695687668866
Leuven_2_0050728,-0.061358125467479846,30.541970217851077,45894532.91269702,0.6780585683100335
Leuven_2_0050730,-0.16543151524390223,33.77872080293573,56138643.856110804,0.5189489679749051
Leuven_2_0050731,0.001971104796748081,23.788285157894972,27841419.720218156,0.5185512203329088
Leuven_2_0050732,-0.21961493603658566,28.747107878081618,40661066.55005028,0.6016478521951035
Leuven_2_0050733,-0.16266935520325232,24.023068636108647,28395006.970304016,0.8672043656524038
Leuven_2_0050734,0.060600939837398504,28.76239603167062,40702131.61946328,0.5539350896032657
Leuven_2_0050735,-0.02776994894308933,25.39095727194617,31719312.931908336,0.7071221975713697
Leuven_2_0050736,0.06803839099593542,28.185623043052743,39086151.59694759,0.6061868258724059
Leuven_2_0050737,0.316783367398374,27.639353034957136,37590482.04432845,0.6092313265607343
Leuven_2_0050738,-0.1787136288414636,28.036937279534094,38676208.096420996,0.5799531365188875
Leuven_2_0050739,-0.18461343420731738,34.888659227125345,59888829.13949916,0.550662417829056
Leuven_2_0050740,-0.11111577607723594,26.566793954557294,34725698.876788095,0.6926827892604271
Leuven_2_0050741,-0.12939999749999997,22.144893350932673,24128321.857469928,0.6762016024182078
Leuven_2_0050742,-0.1415960786585373,36.263322333447995,64700390.92856475,0.55287696760734
Leuven_2_0050743,0.018718026544715688,26.698033460939822,35069038.77946222,0.7489640306188811
Leuven_2_0050744,-0.15563661985772353,40.043018606196675,78890604.04319978,0.45209888672996146
Leuven_2_0050745,-0.04718575388211369,29.092200139345174,41640830.10379977,0.4965032574728574
Leuven_2_0050746,-0.19834459272357718,31.079840909337758,47526995.89513861,0.723274304521203
Leuven_2_0050747,-0.038758751747967383,38.0274204778235,71147441.55355094,0.5293653365509953
Leuven_2_0050748,-0.03651698085365869,22.0352652115699,23889268.92455837,0.7412762889907509
Leuven_2_0050749,0.0001248913821137408,19.02499188425741,17807955.55761359,0.9401185098782835
Leuven_2_0050750,0.012894314024390487,32.815886345202806,52982622.093922414,0.5973242669174464
Leuven_2_0050751,0.05037931217479684,29.54317041811981,42941831.656314895,0.5724928962768037
Leuven_2_0050752,0.03195328489837419,26.04740361349601,33380638.19602561,0.4615383200533922
Leuven_2_0050753,-0.13760757725609768,30.36126969583377,45353821.162712835,0.4082166090286381
Leuven_2_0050754,-0.19567152306910562,21.66332811876621,23091433.168292332,0.9130008269444899
Leuven_2_0050755,0.05501364654471572,26.796807529143788,35329138.47655994,0.4989975931973025
Leuven_2_0050756,-0.11132815473577255,31.333448463363784,48304431.418964095,0.5523714639162369
Leuven_2_0050757,-0.12337728772357737,25.64390564475346,32355155.838669505,0.6030383112385722
MaxMun_a_0051318,-0.2570689045689654,21.363730686163404,10590221.699460696,0.9645646663506852
MaxMun_a_0051319,-0.030117552715517235,18.20304419099775,7687360.017364446,0.8288127294653173
MaxMun_a_0051320,-0.01762539120689649,16.93187601615494,6651178.67707591,1.0711058658162582
MaxMun_a_0051321,0.03094626719827606,19.91275282748655,9199233.441888629,0.7562473310259488
MaxMun_a_0051362,-0.011457741077586214,16.447774505726624,6276282.485328622,1.212787744946797
MaxMun_a_0051363,-0.28883269129310346,18.394061817873087,7851458.480012472,0.9786725937764474
MaxMun_a_0051364,0.030802336422413965,24.660919657746923,14109356.24587484,0.8663571562622773
MaxMun_a_0051365,-0.0942306124137931,25.229041803340415,14767111.569573926,0.7583943617418165
MaxMun_a_0051366,0.04338641935344818,19.778367670903883,9075508.474478692,1.0197781341785055
MaxMun_a_0051367,0.026013763017241346,19.344224573724492,8681433.064929629,0.6617245324108653
MaxMun_a_0051368,0.022330868275862056,19.71815390293012,9020301.334569737,0.9064512839588795
MaxMun_a_0051369,-0.03261864366379325,18.988311135072664,8364922.950727142,0.9357420419663569
MaxMun_a_0051370,-0.014003236422413759,14.929128226886004,5170794.324366085,1.091058610611398
MaxMun_a_0051371,-0.07774274439655175,22.065605675770147,11296010.348330956,0.9682579133937712
MaxMun_a_0051372,-0.07807949659482769,17.47099566714998,7081609.435417198,1.045478900930474
MaxMun_a_0051373,-0.00257523784482753,15.595522599457128,5642711.69734305,1.0653267176288277
MaxMun_a_0051606,-0.0801628805603448,16.458865084596738,6284895.450280752,0.8704603649172581
MaxMun_a_0051607,0.05920230344827595,22.132079439975108,11364112.729802378,0.8977277492290197
MaxMun_b_0051322,0.08770568633620687,22.826250714329323,12088253.603891388,0.6864747668282251
MaxMun_b_0051323,0.0034303376293103507,15.503160566172726,5576073.583939783,1.036437640586736
MaxMun_b_0051324,0.02285060926724153,21.242612255433734,10468979.063973099,0.8815599499644113
MaxMun_b_0051325,0.04388845129310345,14.715266080286636,5023750.78262716,1.1789856842059327
MaxMun_b_0051326,-0.1968426989655173,23.55598786897512,12874220.827529388,0.723221053356201
MaxMun_b_0051327,-0.15922454926724147,18.37232837699005,7831573.016817802,1.2138702048929597
MaxMun_c_0051328,-0.0027652123275862745,21.89555643180828,11122437.259233687,0.7951052915448136
MaxMun_c_0051332,-0.06341908086206868,25.834007601311654,15483679.320807144,0.8641089043157387
MaxMun_c_0051333,-0.20548459887931034,29.01622822024827,19534022.397957876,0.7580439928198587
MaxMun_c_0051334,0.2223047969396552,25.64779591639456,15262325.431169014,0.8353830878798292
MaxMun_c_0051335,0.1761776492241381,23.351377047718675,12651374.087260358,0.8844760191343022
MaxMun_c_0051336,-0.23412815267241333,40.8645851344896,38743283.91357507,0.4133878705142723
MaxMun_c_0051338,-0.13293410374999992,26.94549697892163,16844997.510874733,0.8461516649764637
MaxMun_c_0051339,-0.10635889879310335,17.783436586209618,7337276.753521317,0.7703940841241284
MaxMun_c_0051340,0.10104430646551718,19.336882952678657,8675065.852837157,1.1018704685187495
MaxMun_c_0051341,0.18607882568965536,33.55124911725335,26116725.869650833,0.515677240974151
MaxMun_c_0051342,0.23934199116379318,20.634194146400134,9879192.261713576,0.8905404970498388
MaxMun_c_0051343,-0.06118687357758588,26.23181673025231,15964197.3050306,0.742856660139732
MaxMun_c_0051344,-0.17587364280172427,31.166870129080067,22536589.624203272,0.5805353188392698
MaxMun_c_0051345,0.05543140681034472,21.98895534826399,11217599.734812355,0.821413551044291
MaxMun_c_0051346,-0.053720983620689354,22.428196316811462,11670223.522492781,0.7670818061243032
MaxMun_c_0051347,-0.011434902543103833,33.1323590684975,25467877.678259596,0.5207257236650158
MaxMun_c_0051348,-0.0745072099137933,28.42935203394119,18751019.714742776,0.695521059963629
MaxMun_d_0051329,-0.06555143625000005,30.13050825131542,35587791.51935654,0.780966956655658
MaxMun_d_0051330,-0.4822362194897958,27.84522629323314,30403095.8204358,0.5923046351810944
MaxMun_d_0051331,0.2995165327806122,32.22063307583202,40699749.11366373,0.5723182687729533
MaxMun_d_0051349,-0.15880852969387743,32.00952887188222,40165698.222959414,0.68614315229955
MaxMun_d_0051350,-0.7423541196683672,45.00235340840397,79409905.75580798,0.4647687140178255
MaxMun_d_0051351,-0.05091099051020384,29.783437223325986,34772584.41077838,0.6508183012485607
MaxMun_d_0051352,0.48423964772959227,56.209669874704524,123862649.83802019,0.3577208269056214
MaxMun_d_0051353,-0.026857904795918652,49.22225079935023,94974963.24796641,0.2410979270468581
MaxMun_d_0051354,-0.15889927954081623,42.948515940599364,72308330.60285348,0.45046912838614844
MaxMun_d_0051355,0.16055326094387748,41.51581334994866,67564670.58992912,0.5860497154314435
MaxMun_d_0051356,0.023178685459183633,30.29222970718184,35970692.941057876,0.6289353976285285
MaxMun_d_0051357,-0.052850594362244895,31.674085524478453,39327419.09029415,0.6046479665740502
MaxMun_d_0051358,-0.012130500637755103,47.329374533012775,87810737.76074156,0.4991615313863749
MaxMun_d_0051359,-0.36538818576530585,59.56139656611404,139069584.00174218,0.3984922744054966
MaxMun_d_0051360,0.02235770477040828,31.638371590870943,39238692.6261285,0.5494563762929866
MaxMun_d_0051361,0.049976051530612145,41.35962567258537,67056348.42857872,0.5016515941239349
NYU_0050952,0.10674977602272778,40.03058904339247,56406572.80458302,0.265404513757633
NYU_0050953,0.12113764446022722,28.720765765763037,29036376.52962575,0.7987587347322629
NYU_0050954,0.3250463488636365,23.81567718910867,19968683.15568687,0.8599865454015806
NYU_0050955,-0.0033440765340909126,27.694719984014053,26998312.921387993,0.6325356655751248
NYU_0050956,-0.08254359687500007,24.930914784378157,21878817.85518213,0.7357924613466167
NYU_0050957,-0.4388685516761364,29.38775885168486,30406920.752751216,0.6307182829322993
NYU_0050958,-0.4625664015909091,33.22476216562265,38864277.36006009,0.6061763081185411
NYU_0050959,-0.2797995436079545,32.82765628050586,37936212.32387851,0.6594332636389637
NYU_0050960,-0.03062048963068184,22.471827415256385,17775435.567839973,0.9220296169858685
NYU_0050961,-0.03664200525568147,22.938449642869738,18521318.275856707,0.8545537214853461
NYU_0050962,0.576102453096591,28.640698956628967,28885877.882777046,0.6670334715440462
NYU_0050964,0.20079227687500015,28.62451534362271,28842992.50609021,0.6665915382368327
NYU_0050965,0.16320930383522755,28.05923367588527,27714622.557768695,0.5051352935944391
NYU_0050966,0.0855573883522727,27.98906313279417,27575503.124162022,0.7622741724514178
NYU_0050967,-0.24255590142045436,25.92889377514832,23667296.075042028,0.8166153211127447
NYU_0050968,0.3209264538636366,26.408765130675373,24552910.606961973,0.6982362612898088
NYU_0050969,0.156735715198864,31.42435192376329,34760508.98893565,0.4486609303563409
NYU_0050970,-0.03180076741477256,25.17382388052706,22307029.185992416,0.7035959483439183
NYU_0050971,-0.2593452811647728,25.987693255631847,23775046.61747337,0.6707004444664793
NYU_0050972,0.19399340110795452,28.594374013041154,28782190.224034954,0.6725803238702028
NYU_0050973,-0.16998910474431808,24.512387375564685,21151188.296320707,0.7231480234059804
NYU_0050974,0.10044368497159091,25.61484740725493,23095793.48140435,0.7906138635659562
NYU_0050975,0.01980808463068203,34.48904080343667,41870200.342127055,0.5719153293216499
NYU_0050976,0.23439881221590894,29.731063856498604,31116486.749651283,0.6316324107948401
NYU_0050977,0.3444259592897727,24.324514140582504,20831381.733072445,0.704458772403055
NYU_0050978,0.05026279656249996,22.416018918748126,17687311.154106606,0.7160944748380675
NYU_0050979,0.1945171731250005,36.43596124952525,46732122.240585625,0.5739301767404532
NYU_0050980,0.1335719043465911,35.62577427563849,44676319.92357163,0.48185372863331544
NYU_0050981,-0.07679810937500019,30.28761851153492,32290569.80335565,0.744175782888089
NYU_0050982,0.005364397386363568,26.223490222216586,24206035.68104298,0.8169587432037928
NYU_0050983,-0.021070884176136596,31.5479969795353,35033734.82058307,0.6203324985805025
NYU_0050984,-0.28946210318181803,41.34708903767289,60180227.71898465,0.6032713722876647
NYU_0050985,-0.07107434911931829,28.399118103349224,28389326.613510028,0.8178526075922773
NYU_0050986,-0.0304068976704545,25.7755742073467,23386216.49048476,0.7397641785203233
NYU_0050987,0.06138083801136372,22.70343833924007,18143835.77708947,1.0093767701626046
NYU_0050988,0.052057013920454705,22.84053558284113,18363585.702659305,0.8827779704191604
NYU_0050989,-0.09873728309659087,23.88271748175941,20077866.806434266,0.9662777508974008
NYU_0050990,-0.38002273596590913,23.829523118529128,19993268.74464006,0.828309577605977
NYU_0050991,0.2449512953693181,20.904354894291465,15384232.324862389,0.7385248520891747
NYU_0050992,-0.08775701250000002,30.600447416547464,32961106.93519175,0.5290096254111323
NYU_0050993,0.4107212615340908,29.284296544028503,30192402.80437131,0.6633705337792685
NYU_0050994,0.024869209829545297,29.719590269064316,31090564.181200832,0.6817350317369743
NYU_0050995,-0.19887479309659087,27.288090175141736,26212715.46396787,0.4304481787778362
NYU_0050996,0.12965358846590908,30.917058296534613,33647021.89250413,0.5723688098691446
NYU_0050997,-0.1785298553977271,33.34935654222337,39149843.20507409,0.5058751329728937
NYU_0050998,-0.140755380596591,29.894537509409094,31458352.11124792,0.4728332697599299
NYU_0050999,-0.09496712321022703,28.35784422870453,28307007.451499444,0.6934471011868537
NYU_0051000,-0.11603290352272744,31.704410965997614,35382446.46941205,0.74547570685307
NYU_0051001,-0.300573921647727,25.7675983748615,23374893.368307,0.7467238903624716
NYU_0051002,0.267711071931818,41.441850958615724,60455953.53931422,0.5629861293642517
NYU_0051003,0.08806264502840916,21.542155625140815,16335342.285054687,0.9187450231404757
NYU_0051006,0.005600691789772828,23.64151216170807,19674023.72882986,0.8896958811941109
NYU_0051007,-0.1158116851136362,26.203274024427856,24169199.364487387,0.5827654582587586
NYU_0051008,-0.08672017855113619,38.17254866724339,51291714.92341365,0.5656972687576556
NYU_0051009,0.014254998323863633,26.465257192978676,24654433.46064114,0.6896817242605131
NYU_0051010,0.007617592329545369,30.152602379100706,32003117.98674716,0.7107652127205848
NYU_0051011,-0.03418245284090897,26.423450342465863,24576636.354717627,0.7088889565318048
NYU_0051012,-0.09292261596590916,33.04497950412548,38437671.537430204,0.3080776550804431
NYU_0051013,0.16419524187499998,28.005642367026457,27608872.349246904,0.628580068853175
NYU_0051014,-0.09234183417613616,31.493966641643873,34914121.856743924,0.7081489821295864
NYU_0051015,0.06016665323863652,21.46803728119525,16222984.614599884,0.8888416755199632
NYU_0051016,0.12273856161931819,25.15884439014058,22280984.55622394,0.6189030973319192
NYU_0051017,0.18094413144886334,29.943226600541376,31561360.51305862,0.6333276646324647
NYU_0051018,-0.0938147751704544,24.516397600965256,21157401.849431064,0.7812513069098349
NYU_0051019,0.02781329321022745,27.959143012056547,27516348.694486417,0.5740732132792706
NYU_0051020,-0.31114984170454574,30.941181102251377,33702363.278366126,0.7384309511913771
NYU_0051021,0.08928575409090914,30.757206180943168,33299682.380903214,0.38236471609690864
NYU_0051023,-0.02573858519886342,22.880495483754896,18427824.309202746,0.8754400787190397
NYU_0051024,-0.20114767704545441,23.82978034358024,19990040.98471649,0.8427025335383602
NYU_0051025,-0.04779154178977277,28.21959588592567,28031445.23507398,0.7564232531076049
NYU_0051026,0.017970050284090953,25.21623882956451,22382237.63185852,0.7963112089000148
NYU_0051027,0.21821122173295468,24.45721328612108,21056742.004675787,0.761374908437544
NYU_0051028,0.0038747713352272617,24.097225643607768,20439805.715394583,0.8280624894691555
NYU_0051029,0.026844377386363465,28.896757343535338,29392820.356829975,0.6289522086791473
NYU_0051030,0.19893791440340935,40.379098759118065,57393993.98981238,0.3763611612724855
NYU_0051032,0.29543080210227257,25.829902092894034,23487943.476353746,0.7069898792044973
NYU_0051033,0.11457095588068213,31.754184658338875,35493616.21765751,0.47143272240175604
NYU_0051034,-0.08509168457386372,28.815853537987394,29228695.08125686,0.7814889765860209
NYU_0051035,0.06648265156250013,36.90778580829185,47949055.37712251,0.47452786409650477
NYU_0051036,0.27180736125000005,24.78409175391557,21624242.932446368,0.5711104111660947
NYU_0051038,-0.09716701772727267,22.059796938480414,17129871.7003506,0.7720712236651818
NYU_0051039,-0.15659045693181864,35.14010027312127,43466761.10572294,0.41581928468931073
NYU_0051040,-0.19015739605113627,26.371446704166143,24481225.510929376,0.6771257160516148
NYU_0051041,-0.020435631278409246,22.88961532116131,18442508.73223504,0.8615827719496328
NYU_0051042,0.0798670527556818,29.744059814595087,31141984.64961148,0.6805365224861442
NYU_0051044,0.03498432775568163,24.204091528926053,20621542.326662406,0.5415277136672266
NYU_0051045,0.006372176931818206,29.261490538432536,30139467.39356663,0.6894678920032613
NYU_0051046,0.02312043951704546,21.87610710642813,16845473.803369686,0.8639687841939792
NYU_0051047,-0.0013913585511364669,23.545839112276816,19515110.258586034,0.6480532787870898
NYU_0051048,-0.007812706420454554,24.577397470122904,21262508.16598605,0.6635613472207187
NYU_0051049,-0.013275514687500033,24.023195594319567,20314416.41863833,0.8560537595241212
NYU_0051050,0.005087997471590894,21.13261559755029,15719878.869430354,0.6850521201660454
NYU_0051051,-0.12296946363636349,25.26008731511382,22460667.069496877,0.7491687317721216
NYU_0051052,-0.07338249656249997,27.551927348412153,26720815.813225016,0.6686882500170945
NYU_0051053,0.16759762267045475,24.31224562444675,20807190.84458273,0.8408128050948489
NYU_0051054,-0.0712503941761361,29.7527636278439,31160167.107978344,0.5086058816004411
NYU_0051055,-0.09049246914772735,24.354749608699166,20879303.01210705,0.750218151002887
NYU_0051056,-0.31970951355113675,30.079078834197514,31850832.558579717,0.653716911935417
NYU_0051057,0.08226047965909108,24.851853445654623,21740272.803772487,0.8226868518504372
NYU_0051058,-0.05135255656250005,21.020733499564592,15553960.362856345,0.7654215605502246
NYU_0051059,-0.19253922178977265,23.277198354748965,19073649.217858583,0.9042072724913328
NYU_0051060,-0.17448794042613613,29.220772345947807,30056716.185234193,0.6994997205049788
NYU_0051061,-0.25088502545454533,23.779795245569176,19907064.50364515,0.7802917407787118
NYU_0051062,-0.01140187235795462,22.3556741178187,17592125.59332104,0.9438363986419033
NYU_0051063,0.17178333431818185,26.936774489522946,25541800.395350397,0.7509072888202094
NYU_0051064,0.23040145613636395,40.044090472095775,56446095.783207014,0.5138001306992552
NYU_0051065,0.06411272258522724,26.404557144784324,24541607.145558912,0.7358878497648054
NYU_0051066,0.15705151463068195,26.716293612901246,25125232.33753265,0.8202772270938785
NYU_0051067,-0.06498930727272739,25.167298385363726,22295579.0333053,0.6856349454088343
NYU_0051068,-0.06575608789772698,25.471684992011586,22838149.318876814,0.8714288383106186
NYU_0051069,0.1365384672443182,24.255170856410174,20709284.85213938,0.8231695791651614
NYU_0051070,-0.04915143363636361,25.263593312577335,22466455.015020918,0.7392515477528743
NYU_0051071,0.02174969750000022,22.03634654695303,17093156.684973605,0.9223090146019511
NYU_0051072,0.19827059823863635,20.448804472765413,14720390.628962189,1.0673782486857704
NYU_0051073,0.11232606011363659,27.693504428431357,26996386.724430732,0.6364176902939798
NYU_0051074,-0.14631752093749975,22.979462275413155,18588313.75399925,0.7517594765164227
NYU_0051075,-0.20600369386363654,35.41197550192955,44142575.71578427,0.47067451375456404
NYU_0051076,-0.36311430963068203,27.773583567274276,27156933.625191964,0.6977517249576632
NYU_0051077,0.5676830286931822,36.295592298732366,46382768.408657685,0.5611797004591372
NYU_0051078,0.07858390886363611,26.972732033905753,25609212.59788735,0.6882882643426397
NYU_0051079,-0.4547254385795453,29.943392770728913,31567836.813801445,0.5779852337089196
NYU_0051080,-0.12746152883522724,28.377804632624315,28347124.685747188,0.7209433606931501
NYU_0051081,-0.10640608386363645,23.30685864348414,19121378.569287617,0.8454981829359896
NYU_0051082,0.15368496082386368,32.17957704407986,36451317.682667546,0.7209978217014645
NYU_0051083,0.18656425500000004,29.727483897958823,31108285.3003875,0.46935288314966916
NYU_0051084,0.22357211042613626,34.871567891940686,42805883.356923774,0.5541424259756793
NYU_0051085,-0.16123289139204566,30.497152661189954,32739601.54027877,0.5802454875518597
NYU_0051086,0.04958869142045506,26.954468105416403,25574412.507924788,0.7338570399128576
NYU_0051087,-0.08341877465909094,27.157738178237857,25961749.49806886,0.8542414840431601
NYU_0051088,-0.0452679093465909,25.41294546661835,22732858.59584731,0.68243400250725
NYU_0051089,0.06979735764204548,27.99069836321899,27578639.14192091,0.8032028112629968
NYU_0051090,-0.03782109335227269,24.390129274967148,20939770.244261857,0.6235534573571099
NYU_0051091,0.34162766446022735,29.25865248985197,30137728.015403196,0.6925043071978454
NYU_0051093,0.21417014880681814,28.754007600056113,29104726.531468704,0.7242541022044424
NYU_0051094,0.18100234446022714,28.46563185677414,28523438.551664144,0.5481388008932041
NYU_0051095,0.22332331931818222,28.224516288671225,28042896.39481154,0.663818629837762
NYU_0051096,0.0103244309090909,23.29031443108718,19093847.6218259,0.7336926815816183
NYU_0051097,0.19411520701704563,33.01199593166997,38362000.37493789,0.6673871969028323
NYU_0051098,0.022958324090908828,29.94984429824928,31574178.26020549,0.7292657978633938
NYU_0051099,0.11565781619318201,25.936896903138788,23680307.118846297,0.7632308604680845
NYU_0051100,0.4306125010795457,31.310630031106857,34515042.498496965,0.6024780269062978
NYU_0051101,0.0018063528693182268,26.719814897674482,25130987.6022972,0.7027215381637294
NYU_0051102,-0.06263855147727286,30.740057062310857,33262417.118735503,0.8527929093280715
NYU_0051103,-0.08500927105113602,27.667616132152894,26945748.157234076,0.7009057832207726
NYU_0051104,-0.11419845840909082,27.538720502767465,26695474.72125417,0.5843988850964646
NYU_0051105,0.3151471552840907,25.22758566875614,22405869.95341777,0.7884565061304801
NYU_0051106,-0.007912274204545714,22.346032342836114,17576951.88730486,0.8789676348500638
NYU_0051107,0.11873146139204532,24.691329601619945,21460590.083882667,0.7921477510302777
NYU_0051108,0.11840822937500031,30.876930649582206,33559640.113045834,0.565000376082629
NYU_0051109,-0.07690661062499989,28.3972764323721,28385675.063796636,0.6771660506526253
NYU_0051110,0.03042752164772736,24.223486536659117,20654593.549067426,0.8664472942293625
NYU_0051111,0.1764849713920455,30.607971902302953,32978144.000288762,0.6280940226591175
NYU_0051112,-0.3539451326136365,27.764769497389054,27139471.124481637,0.8275868775277859
NYU_0051113,-0.0030034487784090526,23.341568452385612,19177974.704701398,0.916685041773072
NYU_0051114,-0.029499211079545323,23.601858604133227,19608110.712007906,0.8034387224928883
NYU_0051115,-0.09908013653409083,25.38504231251814,22683238.690879077,0.7807989156516632
NYU_0051116,0.1213970136079546,23.9772701812144,20237332.634740893,0.7961665040845947
NYU_0051117,0.05585073318181822,24.713030082136807,21497941.525103845,0.715490504194194
NYU_0051118,0.0021206256534090718,24.351468416442568,20873389.452398665,0.743373250599859
NYU_0051119,-0.09653654880681824,24.533231348445668,21186484.34149677,0.6513060698950618
NYU_0051120,0.10945496017045431,27.178374534585764,26001396.000114508,0.6350190989830572
NYU_0051121,0.10722021877840895,28.20588769443503,28004542.60758515,0.7731109479420393
NYU_0051122,0.06354627926136384,36.106388800935996,45889372.33316353,0.5326633585146101
NYU_0051123,0.06583955568181843,28.295079085783815,28181677.403188433,0.7393126598079925
NYU_0051124,-0.21634764264204556,25.656342776988936,23171974.53094759,0.6385011681745607
NYU_0051125,0.09484997241477272,27.792689960833627,27189979.934525385,0.7581881898076404
NYU_0051126,-0.18946638792613632,30.561676669020294,32878629.63735304,0.7012882363933005
NYU_0051127,-0.18294265048295452,33.96339518437163,40604807.952303365,0.490744836089683
NYU_0051128,0.05455219599431817,24.210807128682394,20633048.753304977,0.8413123927768638
NYU_0051129,0.05694149886363639,25.73008558604456,23303827.240301378,0.8334195387367915
NYU_0051130,-0.3940080770454547,31.465079698204747,34855268.193826206,0.6400309673214186
NYU_0051131,0.15099784664772736,33.288375812831625,39006484.514131404,0.632720213311287
NYU_0051146,-0.06192675366477277,23.320367343742063,19143286.552540153,0.7951477475788924
NYU_0051147,-0.1898139345170451,34.52772831513946,41965441.82807048,0.37488894061182554
NYU_0051148,0.04384428107954534,28.866868918158122,29332091.129760563,0.7216786204197416
NYU_0051149,-0.21685171193181838,26.527347901029177,24771901.838717613,0.7529391707008352
NYU_0051150,0.023915039204545626,27.92207362008903,27443425.404551975,0.7033524105522916
NYU_0051151,0.22602800539772744,25.150444623738345,22267377.560769543,0.7848156967384486
NYU_0051152,0.03752242860795439,26.926438946682534,25521215.184328888,0.7485227084313433
NYU_0051153,-0.313624565085227,26.487243958001596,24698870.3406198,0.8159784529859251
NYU_0051154,-0.2458146223295454,25.075361913982697,22134963.838090934,0.7739063420252577
NYU_0051155,-0.04073035275568192,20.722798788953785,15116148.911040321,1.0689175027610358
NYU_0051156,0.09043769164772741,28.337576614667405,28266530.243361183,0.6583188307216697
NYU_0051159,-0.21616358417613618,34.76178446711629,42536679.18837468,0.6476513663658162
OHSU_0050142,0.06557728974358977,15.599259078848121,3796122.473363308,0.8686406077758584
OHSU_0050143,-0.03553410237179503,18.927068963765073,5588469.154812185,0.9891636618992382
OHSU_0050144,0.13885410089743597,16.466133460436588,4229984.1729326295,1.1323033091010541
OHSU_0050145,0.013330265192307735,18.346155312728005,5250672.842293447,1.0072840973105934
OHSU_0050146,-0.15707253032051283,16.2186700062233,4103890.885388558,1.2721692910557152
OHSU_0050147,0.19214191717948714,16.96831462099468,4492185.665657028,1.252575525466677
OHSU_0050148,-0.17040148500000005,20.74541084065194,6714257.278771055,0.8917649818265838
OHSU_0050149,0.06978946070512793,19.546732215267962,5960441.92948183,0.9333206580463314
OHSU_0050150,0.13188891980769235,13.651847281334195,2907689.1305286223,1.558232071519179
OHSU_0050152,-0.24833275166666693,19.700721630244555,6055609.589763802,1.0175906486551076
OHSU_0050153,-0.01905151301282054,19.404857868057185,5874162.400698522,0.7632470022484865
OHSU_0050155,0.6328366029487178,25.70854595385659,10316745.148750369,0.7432169937327476
OHSU_0050156,-0.051709650576923116,17.752080875002196,4916169.168777072,0.9664781964582057
OHSU_0050157,0.1700047806410255,16.865579458210867,4437836.084551977,1.0228478767346985
OHSU_0050158,0.14351162461538444,17.202908105092657,4616986.028595134,1.2863415896874257
OHSU_0050159,0.019443661089743557,17.861826305899314,4977105.385793945,0.9011996043245724
OHSU_0050160,0.28209699198717947,16.726049681586737,4365508.939955218,0.8846704419937339
OHSU_0050161,0.13124649083333342,22.482436673169545,7885444.076709184,0.8906131283448184
OHSU_0050162,-0.3217911179487174,26.623992994105542,11059472.61859084,0.7190559621029302
OHSU_0050163,-0.07781354839743602,16.430349831270103,4211414.228209215,0.9440380735896641
OHSU_0050164,-0.28355332839743597,26.000116304388357,10546948.625175556,0.6482715407944785
OHSU_0050165,0.02865035903846152,16.134168552618124,4060870.565346889,1.1101962851312452
OHSU_0050166,0.08162219602564115,15.825030535415909,3906836.756623788,0.8824029235962163
OHSU_0050167,0.0068769148717949345,19.425793576200956,5886839.452371206,0.8813335855478175
OHSU_0050168,0.10602073019230762,18.037672179510988,5075754.185591469,0.921753072560278
OHSU_0050169,-0.09054486410256406,21.38637492329904,7135209.59942434,0.8175748160996213
OHSU_0050170,-0.05527578891025626,19.20190180569989,5751970.978549853,1.2202865850296523
OHSU_0050171,-0.3485742242307691,14.976952751611455,3501117.63633528,1.3661353738165847
Olin_0050102,0.22805826941747548,26.826348917102248,29651846.28001014,0.7252533594016332
Olin_0050103,0.6538942592961161,39.09672838783491,62994048.03138042,0.530979030847479
Olin_0050104,-0.12597668053398048,20.117702596994402,16675198.509692332,0.8604889284134212
Olin_0050105,-0.0815097288592236,25.25257261597358,26273201.583509795,0.8331843376348824
Olin_0050106,0.3264358913349515,33.77236561688166,46995984.67776105,0.7094500346375265
Olin_0050107,0.0032710139077670075,21.11652615768792,18371396.731915426,0.7818107079577441
Olin_0050108,-0.13370130922330103,22.970096387520783,21738900.008593835,0.6637414623361888
Olin_0050109,-0.42686217626213563,37.78743994155985,58836600.54056606,0.5999919204199035
Olin_0050110,-0.030609788980582357,26.604038493084037,29160363.005347952,0.6776028008217571
Olin_0050111,0.22689175997572808,24.436929740253525,24605258.618034285,0.720222164024404
Olin_0050112,0.17208168541262156,31.60226927826668,41147801.06847234,0.6751817961718517
Olin_0050113,-0.11992820216019376,23.185728525234797,22148806.46880587,0.9048310437328941
Olin_0050114,-0.2394934964805825,22.875479161915333,21561810.045709666,0.8240897468082832
Olin_0050115,-0.14990326881067986,26.719452546804458,29414806.554106545,0.7079968919717362
Olin_0050116,0.027612100825242656,26.988538385417773,30009337.02430236,0.7245814391238724
Olin_0050117,-0.4894948428640777,25.15337707231084,26076797.71373337,0.7689165102513829
Olin_0050118,0.11267108563106787,25.124199210767216,26007008.927141156,0.6390330304090863
Olin_0050119,0.15072023250000016,23.7214157014877,23184405.114216413,0.7770972103754981
Olin_0050120,0.055546969247572846,31.457411542159278,40770359.247621015,0.7708705176609111
Olin_0050121,-0.05618895929611665,29.3171878340362,35411427.17944665,0.720279516803916
Olin_0050122,-0.15664873381067976,23.7199208339965,23181558.347710866,0.7456623036026224
Olin_0050123,-0.2538949682038839,69.595613354109,199556891.06452805,0.2586518226694789
Olin_0050124,0.3067041872087382,29.41254204929446,35645897.9271106,0.7511535595848132
Olin_0050125,-0.1784022780582524,16.74011034325439,11546840.613098541,1.2880881257706238
Olin_0050126,0.13124254907766977,27.720906820103497,31660795.060864624,0.5895235776672914
Olin_0050127,-0.08234505415048517,30.831056848818257,39163106.901467845,0.6354740567695619
Olin_0050128,-0.13543358446601939,24.283510692018236,24295938.03194881,0.8280511158146409
Olin_0050129,0.1544566966747577,29.836573368716884,36678092.65102851,0.52399418104137
Olin_0050130,-0.18586248769417496,22.171880610762347,20255025.588907927,0.8836455993557317
Olin_0050131,0.016043748859223182,20.66026561025611,17586089.4985142,0.8593186604753266
Olin_0050132,0.17892374832524272,20.550257253319796,17400617.579675917,0.8690952043693619
Olin_0050133,0.054321627038834634,29.074001045391448,34826380.090215385,0.8792255222255164
Olin_0050134,0.047386715655339515,26.582965436379528,29114239.43197386,0.754126654847152
Olin_0050135,0.010391350679611446,34.770118772683794,49809204.21880434,0.5729856095999653
Olin_0050136,-0.2583738483737866,28.002039329659134,32308255.70301038,0.7482667403287636
Olin_0050137,0.3392785566019413,22.39668176092752,20671130.31017642,0.6830650592894867
Pitt_0050002,0.07912232928571433,22.577000271878703,19981306.30348058,0.9911164827832295
Pitt_0050003,-0.2993026620918373,36.62565153956464,52587894.96502106,0.4603743378401973
Pitt_0050004,0.16886672431122468,17.047933718206355,11393893.95321272,1.156821774742321
Pitt_0050005,0.12467626038265313,23.730189042170444,22074986.712964326,0.6601760054321782
Pitt_0050006,0.13553937334183666,20.536403217505494,16533079.338920882,0.9265798773544175
Pitt_0050007,-0.2856077176530613,32.47301807802176,41339476.21466533,0.5336040688676427
Pitt_0050008,0.14616697670918397,22.9844950429874,20709688.384914756,0.8191895766337534
Pitt_0050009,0.07562057357142837,21.29813546435757,17781758.674987502,0.8322413810299214
Pitt_0050010,-0.13590614030612247,14.281569962916466,7996083.07451831,1.0636627108804573
Pitt_0050011,-0.08131463765306121,17.162739921421924,11546997.144282123,0.9850231558391458
Pitt_0050012,-0.26499177219387715,22.14571404230047,19227712.546440843,0.7342432216096505
Pitt_0050013,0.3111804834693878,29.30582850521079,33669993.97266861,0.5687259322223686
Pitt_0050014,0.10767304392857152,21.240098336360923,17685212.136248697,0.7365910626323852
Pitt_0050015,0.02221176165816327,19.63674873431367,15115613.853303475,1.1021024719892805
Pitt_0050016,-0.12230144869897955,19.430456625837184,14800258.011449445,0.9718915643025634
Pitt_0050017,-0.5894486611734691,28.794011579561957,32514148.060669802,0.6999780181075451
Pitt_0050019,0.056954672933673615,21.649722787416557,18373578.631784707,1.073169923991734
Pitt_0050020,0.025101775280612235,23.26881622300818,21224386.78995464,0.7326171852943582
Pitt_0050022,0.12811644691326513,22.563117165543318,19957138.265960205,0.818873368697829
Pitt_0050023,-0.17913760688775493,25.953022627854246,26404785.773121353,0.699103412916352
Pitt_0050024,0.048059818010203995,15.055407397407611,8885369.9846025,1.3083391062473508
Pitt_0050025,-0.21828693124999995,20.39381331789586,16305446.616518011,0.7969913759472913
Pitt_0050026,0.11295457525510198,36.42590108204634,52012873.912303746,0.42245255345326016
Pitt_0050027,-0.11054452653061218,19.75403760871843,15297181.500009116,1.1116167461318653
Pitt_0050028,-0.3670964342857145,29.0839464834623,33163619.551522605,0.7044023002912936
Pitt_0050029,-0.12016393755102037,21.53756949209279,18184148.48874566,0.5934600544084514
Pitt_0050030,0.11191091390306118,17.98574217323211,12681178.266525526,1.1108288257378103
Pitt_0050031,-0.26320685750000006,24.09186414655097,22755098.07950357,0.9261842566496552
Pitt_0050032,0.016818039387755227,20.433325391276036,16366825.92017482,0.8864029370036741
Pitt_0050033,-0.03466942640306097,28.94980155105703,32853214.70313667,0.5810296407287656
Pitt_0050034,-0.05736756173469384,24.794614438257923,24099226.890217096,0.7947686493938568
Pitt_0050035,0.08901384479591809,33.92570407851001,45117683.77093808,0.5748242173841982
Pitt_0050036,-0.0011022213265306042,18.233041366990868,13031796.909247449,0.8935159031256448
Pitt_0050037,0.13077808974489766,19.19157281695096,14438675.947805865,0.6952438911238417
Pitt_0050038,0.015997034336734817,19.36873840233392,14705812.70156357,0.8864274039768202
Pitt_0050039,0.1772391237500001,43.410923758395576,73873956.83835748,0.6058400868665894
Pitt_0050040,0.1687834843622448,18.040243268886265,12758771.51055543,0.8235815066984502
Pitt_0050041,0.025162161173469526,16.203114799295182,10291629.243472945,1.0113763735209613
Pitt_0050042,0.11700674535714287,22.81237298670796,20400387.63303517,0.6970981344359484
Pitt_0050043,-0.017214191709183767,18.147371702483643,12909633.924630811,0.9131539272286953
Pitt_0050044,-0.2680284815306124,19.65466802363474,15146010.323939104,1.0422469176345985
Pitt_0050045,0.0842967694132652,17.40529675487763,11875697.27397094,0.849003870052269
Pitt_0050046,0.20015951030612253,26.293282979887323,27101970.31264793,0.49370486774603867
Pitt_0050047,-0.09470100693877574,22.05078005153855,19060838.071152188,0.7538734587675493
Pitt_0050048,0.3051432159438775,23.9406117930804,22471243.412041303,0.9449427694264934
Pitt_0050049,0.2819100741326529,34.67857841891714,47145184.358317815,0.5607477442023285
Pitt_0050050,0.04622995321428575,26.44940723483188,27423272.587076005,0.6411068410869555
Pitt_0050051,-0.1128004531887755,20.756256229686436,16888727.94729375,1.0759013147554617
Pitt_0050052,0.12654999071428577,22.122537713163677,19185369.439003553,0.9603980173413674
Pitt_0050053,-0.2859184406377548,35.564261949802315,49584020.31364307,0.6901220754949076
Pitt_0050054,0.05690423852040827,42.03726030896887,69271672.10115376,0.4769802660181943
Pitt_0050055,0.04527685765306123,18.453030835154472,13348242.762282427,0.9055651550333859
Pitt_0050056,0.3323260074489799,30.738434639359753,37042502.74241401,0.7057956246150225
Pitt_0050057,-0.15291305602040814,20.663435809962966,16738437.705506327,1.052292882936066
Pitt_0050058,0.036774225994897755,17.96127322773627,12646260.581559652,0.9074183419903321
Pitt_0050059,0.12634622642857135,24.386658345392945,23313222.690055154,0.633730651204443
Pitt_0050060,0.09751436114795928,17.13811130742622,11513995.234865336,1.0200577887157514
SBL_0051556,-0.8381372566836731,50.15046134291671,98618232.88116226,0.3983926486737809
SBL_0051557,-0.22963468959183683,26.91941764723503,28408544.91943176,0.5676123118761263
SBL_0051558,0.061125331938775576,21.136009746427128,17511998.056844868,0.7297485579305495
SBL_0051559,-0.701553438903061,31.666222517027702,39327079.56844152,0.42846999720412554
SBL_0051560,-0.3182041983928569,24.94106640171655,24388595.448934995,0.6472557104729473
SBL_0051561,-0.02115613844387767,29.289071254683936,33627725.58773054,0.48403959370135163
SBL_0051562,-0.09262001051020406,23.46238650762571,21579292.63670291,0.7480453644137303
SBL_0051563,0.04090585941326536,30.003566221172715,35288453.843683116,0.5677617811378045
SBL_0051564,-0.05401842418367344,26.312720426214817,27140597.229357112,0.7056355218988107
SBL_0051565,-0.09373251808673463,21.48404515928578,18093660.90189416,0.679242159196925
SBL_0051566,0.06328548732142857,23.539045838745647,21720354.814817794,0.7129883293434912
SBL_0051567,0.21184963778061233,23.22430355072678,21144995.702864867,0.7852174423861736
SBL_0051568,-0.2830969744642857,30.55113212148562,36591311.25781571,0.5614564867078828
SBL_0051569,0.06718042260204078,21.40000286877493,17952213.73091605,0.8003211354802793
SBL_0051570,0.15540749673469423,31.053526354457077,37802349.50105046,0.5105191281289763
SBL_0051571,-0.033468520484693794,26.104973634294357,26713654.128691427,0.40944364929966737
SBL_0051572,0.09561463604591859,22.685364538318243,20173688.33068451,0.6813490585138696
SBL_0051573,-0.0219606921173472,22.238504445995297,19386421.240848795,0.4552055332864926
SBL_0051574,0.004689332729591853,21.58349206470863,18261208.34652953,0.6517275737709705
SBL_0051575,0.1471145502040816,28.833109516685813,32589698.00600953,0.7319626948445808
SBL_0051576,0.04021097627551013,24.577277013894264,23678531.163740087,0.6256656341887448
SBL_0051577,-0.03586565150510188,22.30023254878512,19494224.996534243,0.8318464557361827
SBL_0051578,-0.04406570903061226,22.131505293856655,19200374.359661724,0.7809561779285887
SBL_0051579,-0.1424228313010204,26.34087832533798,27199396.484354928,0.7689985469572949
SBL_0051580,-0.11981531568877528,27.39806437868552,29426196.866412014,0.5152794518208309
SBL_0051581,0.06482213938775527,19.15101124451361,14377204.997011866,1.0779612585851832
SBL_0051582,-0.015930696811224616,25.649296297476376,25789156.850239184,0.6874217074047647
SBL_0051583,-0.3166494682142859,25.629161857408324,25752604.812439,0.5708116781823676
SBL_0051584,-0.07363241714285731,38.197695040961655,57195517.66446631,0.43314631445789714
SBL_0051585,-0.09897321502551026,30.206896184706878,35768681.8141893,0.576511502441173
SDSU_0050182,-0.0058826980965906465,26.268133041739844,24288522.653284788,0.7609632612688014
SDSU_0050183,0.0026154630397727434,22.780783304214648,18267536.136756957,0.6130890237602807
SDSU_0050184,0.05176330017045462,16.940834416182902,10102208.165483158,0.7652058141204225
SDSU_0050185,-0.304210408153409,49.38679711668772,85858019.22428906,0.4661298550087194
SDSU_0050186,0.25647213968750027,30.211535112493753,32130652.639778126,0.6799575697678575
SDSU_0050187,0.027635625710227447,21.516155951332927,16295689.718876049,0.707306337695303
SDSU_0050188,0.080281736846591,25.262418842068097,22464508.032009058,0.7415513767663714
SDSU_0050189,-0.052881744090909316,22.24798813246098,17423147.18921859,0.8543997433447292
SDSU_0050190,-0.3283274443181819,21.286240688506005,15953056.822901478,0.8808707064301251
SDSU_0050191,0.32920028727272704,29.682521460406672,31016847.948297832,0.7548165131372071
SDSU_0050192,-0.20260235946022684,45.45615480523472,72733867.62025197,0.26260956289876414
SDSU_0050193,0.021311210426136238,22.296873458584496,17499715.91089285,0.8523254931323545
SDSU_0050194,0.011422746732954724,28.139292859808393,27872061.64614807,0.7851430232165777
SDSU_0050195,-0.001532409659090936,18.267683375602378,11746530.690735765,0.6407522928173384
SDSU_0050196,-0.011949414630681913,24.020607283539082,20310038.040459927,0.7418977944844495
SDSU_0050197,-0.23421480588068153,31.089550006665082,34024847.16196623,0.6586391200198831
SDSU_0050198,0.20903648693181814,24.037674058363795,20340442.157692965,0.5983517029957484
SDSU_0050199,0.0900525005681818,22.09293697310708,17181330.268979024,0.9022776847542614
SDSU_0050200,-0.09515214420454539,22.345746253159856,17576818.319848645,0.842931821692304
SDSU_0050201,-0.02060085207386351,32.529584544526024,37247735.18521695,0.6028201088753362
SDSU_0050202,0.14653706792613588,33.87706616007901,40398233.382377975,0.5306930574267705
SDSU_0050203,-0.005507577784090436,23.546899650982844,19516869.275441784,0.7410125343904338
SDSU_0050204,-0.032212002215909065,22.299190641814093,17503373.919435572,0.7328433710321846
SDSU_0050205,0.006928883181818125,18.843981933727356,12499368.750107896,0.9935487074956248
SDSU_0050206,-0.1884299573011365,30.9991276707977,33826546.06141269,0.668685197964979
SDSU_0050207,-0.24166286647727309,37.81518679085347,50337645.704479665,0.5808205264054802
SDSU_0050208,0.08004179582386342,28.158901672109003,27911141.282414094,0.7136030996211631
SDSU_0050209,0.0035861307386363607,14.839635421599654,7751560.689182773,0.7700528698734928
SDSU_0050210,-0.00016434829545451118,19.13204423501624,12884436.105644522,0.9291856275305388
SDSU_0050211,0.23498449477272718,25.377730110416937,22671770.9951021,0.6014080682265996
SDSU_0050212,-0.2937520123011363,28.17828925190333,27952400.094384898,0.5259680827446772
SDSU_0050213,0.20989973343750024,30.7118153815647,33202740.099915273,0.6006788414440293
SDSU_0050214,0.07285805588068155,29.215698363243416,30045394.33802124,0.5821279827834085
SDSU_0050215,0.044519352585227136,26.161191270046775,24091228.854553558,0.6576030987848737
SDSU_0050216,-0.021966894886363726,19.2991540664529,13110515.623925505,0.8807684313198139
SDSU_0050217,-0.08864129690340906,26.09817077882876,23975507.60987107,0.6598040528417461
Stanford_0051160,-0.1739559054261364,28.55773832853642,28708228.704256322,0.5880504304065565
Stanford_0051161,0.95149687,47.00591472358218,77808240.05835934,0.5396834080390769
Stanford_0051162,-0.15897099605113646,26.532353712387664,24780485.49844866,0.40398513755029464
Stanford_0051163,0.20668568909090926,26.611182744787676,24928561.36497972,0.6839102848738368
Stanford_0051164,-0.11908717536931791,28.124029546802294,27842327.733607057,0.3873557899048448
Stanford_0051165,-0.1917624298295457,28.22587762740377,28045140.31146666,0.510543379772346
Stanford_0051166,0.1395540066313561,50.012665591328656,118060708.39790344,0.25386812891488225
Stanford_0051167,0.1983345128813555,39.505406461630855,55249363.26022933,0.47670138550917873
Stanford_0051168,0.3496054845170461,33.1423462646055,38668514.36510707,0.46746379628233475
Stanford_0051169,-0.19911493249999992,28.136445198025434,27867811.668851722,0.8061500586737141
Stanford_0051170,-0.1769919340909091,24.134869460765504,20504818.40115894,0.9211902033933475
Stanford_0051171,0.15790741514204534,26.933888039703444,25536165.94098371,0.7308222997228278
Stanford_0051172,-0.17447916122159157,28.456054943071113,28504168.207707543,0.6660454892162009
Stanford_0051173,-0.1684597479261364,20.008594821336576,14093103.038470302,0.9180939892414478
Stanford_0051174,-0.1201972074999999,24.555047154871655,28459938.000522412,0.637081528488201
Stanford_0051175,-0.15444548184659082,42.51153977133215,63615371.32320193,0.4438064784722144
Stanford_0051176,-0.2418564717613638,29.178229864015137,29970251.257768363,0.692190414902945
Stanford_0051177,-0.07119582082386366,21.414336386063482,16141976.283853559,0.7767433536338093
Stanford_0051178,-0.28598480781249985,28.547301364582907,28689063.1283737,0.816717340365416
Stanford_0051179,0.029764609545454603,25.328028045337618,22581148.14902814,0.500804174529666
Stanford_0051180,0.7586038333262712,27.646951300828597,36104667.49149855,0.7637574047808184
Stanford_0051181,0.07059115099576287,29.623356292769785,41420276.03870396,0.6079633940131559
Stanford_0051182,-0.23371879807203377,21.419257151861267,21657210.306747045,0.8097864518410147
Stanford_0051183,-0.057893893749999745,36.811014173610445,63958554.28429463,0.1688364210482134
Stanford_0051184,0.03620642898305104,30.240034012895922,43162557.689911604,0.542888952596485
Stanford_0051185,0.11382541680084746,39.4716511526756,73538742.28455807,0.4683114485492527
Stanford_0051186,-0.14868074444915252,35.477619902485,59409866.85970338,0.1624396183416385
Stanford_0051187,0.9224122332838978,43.84901304056905,90793296.43891701,0.5106284404365542
Stanford_0051188,-0.17855442483050843,41.189378413896186,80079367.81803206,0.43073730468768057
Stanford_0051189,0.07962186637711877,28.989319945896398,39666266.89876959,0.5678629729690435
Stanford_0051190,-0.013947157584746076,30.230134878957966,43134250.96805483,0.7788848272237743
Stanford_0051191,-0.29990417288135623,38.31911908254168,69310595.96537632,0.3991859722304362
Stanford_0051192,-0.018516420148305044,31.511517735497215,46868471.58263189,0.6690597413756894
Stanford_0051193,-0.07885299815677975,32.21597423924086,48987710.09979695,0.42419568858840084
Stanford_0051194,0.0247831871822034,23.158205096335227,25313505.25754187,0.6843550151049475
Stanford_0051195,-0.013687868135593664,40.78687112205559,78520458.84304756,0.26816283553564013
Stanford_0051196,-0.08050880809829024,32.133963928548965,48325591.98929907,0.5849750563961135
Stanford_0051197,0.16285765781779651,27.762483319709187,36380910.52714928,0.4482681657867979
Stanford_0051198,-0.2954170082203389,23.508728770258998,26089686.70123087,0.5723073072658783
Stanford_0051199,-0.3137267707264954,30.833099878061045,44496432.51661102,0.4737262787415967
Trinity_0050232,-0.1559400824999999,29.14957610538552,24811885.44944338,0.7177765581599398
Trinity_0050233,0.021063197054794494,21.679127524462192,13723562.405300802,0.962348492570442
Trinity_0050234,-0.19191961123287693,28.26887866456932,23335656.955408096,0.6339187949997821
Trinity_0050235,-0.09365175647260264,32.90222330273844,31610900.012310844,0.4925841006729395
Trinity_0050236,-0.03422208157534268,22.096743223891977,14257403.181801712,0.8334669835767265
Trinity_0050237,0.028887885513698756,22.386391216457156,14633619.309221026,0.999108403642947
Trinity_0050238,0.4239084064726025,34.66219602461657,35088107.922311865,0.6087719860927137
Trinity_0050239,-0.44870835308219176,28.989075198234403,24544580.34502243,0.7425462207980661
Trinity_0050240,-0.11394747092465735,24.16664676851825,17053962.161765542,0.8451163483779085
Trinity_0050241,-0.7198813714041096,25.491338475121083,18989535.74010883,0.799746199813283
Trinity_0050242,0.2842741032534245,57.33427455985717,95989155.65126927,0.35692184057138476
Trinity_0050243,-0.26989372335616424,25.25834083611175,18631253.432920843,0.8059869115776642
Trinity_0050244,0.03645148893835615,22.184623788113285,14371038.7508701,0.9201299805158923
Trinity_0050245,0.0510191475342465,24.305146731780603,17249688.609718572,0.8139428371608555
Trinity_0050246,-0.07500803037671268,29.00951726721517,24573485.3738191,0.46913245270768483
Trinity_0050247,0.021598968458904282,31.891144844308524,29697731.111086257,0.6747849819912451
Trinity_0050248,0.007506500684931555,16.3490088690872,7804872.302592099,0.8518300867083656
Trinity_0050249,-0.1301811062671232,23.80887562754111,16552881.56842998,0.7716567582489298
Trinity_0050250,-0.26741818760274,30.438234820609548,27055483.423263542,0.6839796240174423
Trinity_0050251,0.23359430589041102,28.962049483220337,24494562.395792842,0.66508891081141
Trinity_0050252,-0.228430192020548,25.81711583088623,19464008.985198267,0.7617316512420611
Trinity_0050253,-0.1559160693835616,26.00436382294044,19746536.431571137,0.7992724329868189
Trinity_0050254,-0.04615077749999989,25.828551536270297,19479793.167196207,0.8017518408200168
Trinity_0050255,0.18874426606164368,28.142723002664944,23127815.686158765,0.6545268463557604
Trinity_0050257,-0.16691223462328791,22.335705084230185,14568218.174070176,1.0178862949815857
Trinity_0050259,-0.09038629167808218,22.23415577379348,14435482.897527084,0.9221600442958593
Trinity_0050260,-0.1925142185273975,20.947151691963995,12813550.591330172,0.9851454114923803
Trinity_0050261,-0.09196190660958907,23.672644975602775,16363755.252289398,0.9016171137763881
Trinity_0050262,-0.21676018832191815,45.259525191550495,59815370.88188,0.576631806705597
Trinity_0050263,-0.06211659452054796,23.047663239479466,15511000.26673562,0.9549798930491356
Trinity_0050264,-0.20349484787671257,21.446510537616902,13431831.352282176,0.9360292914269547
Trinity_0050265,0.8577412279452059,43.98958041847564,56525912.03790345,0.5942084672137721
Trinity_0050266,-0.0855474471575343,22.505290612927325,14789666.378990475,0.8503487886378234
Trinity_0050267,0.06607003054794507,23.65187094327345,16334928.639493033,0.8041684128657955
Trinity_0050268,-0.21863431787671225,33.11442649146029,32021100.850439794,0.6847367619505664
Trinity_0050269,-0.11352147078767102,27.497088522927083,22078200.719370935,0.8764547918218244
Trinity_0050270,0.12998845119863042,32.219905069752095,30313664.04727742,0.7112850633462996
Trinity_0050271,0.1550492604794522,22.734160787834018,15092490.324407741,0.8181151151802759
Trinity_0051132,0.14677214075342468,26.926640688644223,21171913.208430234,0.762209425590069
Trinity_0051133,-0.42930405914383535,22.746661906841084,15113771.952476515,0.7615482406347436
Trinity_0051134,-0.05737765260273952,22.946641900448437,15375308.667711074,0.7794668413367444
Trinity_0051135,-0.07763177965753432,25.95926170488572,19677567.412714005,0.8813776607927597
Trinity_0051136,0.7061402560616434,50.791521551269334,75344097.0301852,0.4959532515948687
Trinity_0051137,-0.13489419304794528,27.428875254537008,21968952.709830303,0.6189485284751858
Trinity_0051138,-0.016640868253424593,23.453360777004555,16061763.932721095,0.9110390292176919
Trinity_0051139,-0.07753595421232871,21.201185879186582,13125291.79963407,0.7362719580669634
Trinity_0051140,0.15084323869863014,23.380401438081382,15962645.01258417,0.7205046018999692
Trinity_0051141,0.20309820575342452,35.761999435056104,37345686.0922447,0.5295721965359212
Trinity_0051142,-0.18303453839041103,25.881846828436828,19561182.109272953,0.717628985556948
UCLA_1_0051201,-0.03254574974137948,33.437222124932504,25938734.077663317,0.699286298568788
UCLA_1_0051202,0.25059234931034485,33.20120163218616,25575276.00324145,0.6989613453973906
UCLA_1_0051203,-0.4069466707327584,54.75955593556794,69571570.0669992,0.36526373834757353
UCLA_1_0051204,-0.36517880775862027,49.296530486367175,56382525.54647516,0.4903487350603295
UCLA_1_0051205,0.2223274746982759,20.973074667901535,10206127.540327989,0.6336779351796156
UCLA_1_0051206,-0.039489854396551914,20.597818328726813,9843102.960962558,0.8012445768846737
UCLA_1_0051207,0.03460581711206865,36.1244835484294,30275524.613517128,0.5765844318685921
UCLA_1_0051208,0.28610524926724096,25.54040034888546,15135538.623724157,0.9402374732761783
UCLA_1_0051209,0.1374739651724139,38.6321831807716,34625175.852567986,0.43682064080561206
UCLA_1_0051210,-0.1724866918534484,23.879758950240422,13230325.228986535,0.8213260642793585
UCLA_1_0051211,-0.07876435853448266,20.375081072358856,9631483.074681416,0.8917541265447045
UCLA_1_0051212,-0.10990247129310335,23.79639602483413,13137708.581915358,0.6789091861282651
UCLA_1_0051213,0.2179653083189656,43.03982639889983,42977400.63549511,0.4808177587425556
UCLA_1_0051214,-0.2983729382327585,22.50777420757665,11755183.087596918,0.887918804521415
UCLA_1_0051215,-0.29750778892241403,24.03374565971239,13402859.038628956,0.8370729715252119
UCLA_1_0051216,0.06404778448275865,20.794925544849047,10032446.308400692,0.9324776897532603
UCLA_1_0051217,0.08436684849137926,19.615586412709213,8926857.67544641,0.8776661263206947
UCLA_1_0051218,0.15283309784482754,20.41815411282361,9672645.507674852,0.9131256475234838
UCLA_1_0051219,-0.08277853064655158,22.137679536803702,11369942.015377,0.7765093874647211
UCLA_1_0051220,-0.06637381090517222,23.836176617511835,13181491.132396616,0.6363215331720832
UCLA_1_0051221,0.04286156465517265,19.542108748063566,8859983.753288921,0.7378999616302778
UCLA_1_0051222,0.14480596353448266,21.05345636608319,10283840.654434938,0.9718441755691418
UCLA_1_0051223,0.0013924343103447992,21.564591385117907,10788733.202266615,0.980647179768276
UCLA_1_0051224,-0.017825635129310215,17.1551665561192,6827761.329857837,0.9559118442928868
UCLA_1_0051225,-0.15985779021551716,23.340004523206197,12638927.683227979,0.8893180328892454
UCLA_1_0051226,-0.15439881366379335,25.411650256258483,14981998.739569452,0.7938896610966379
UCLA_1_0051227,-0.7185223236637935,35.869075139215965,29860878.355597924,0.4754551835739431
UCLA_1_0051228,0.3392355800000008,85.21871429093427,168486388.83134407,0.3267371010861597
UCLA_1_0051229,0.11118456349137926,21.011902747353986,10243088.12245696,0.8866093639877484
UCLA_1_0051230,0.0034890850000000103,21.78950731485559,11014957.275790341,0.9041650414260902
UCLA_1_0051231,0.2748965547413796,27.844602748402323,17989221.31170572,0.8509869872173679
UCLA_1_0051234,-0.010534425431034543,17.71299212764201,7279004.665242225,1.0686055341782912
UCLA_1_0051235,-0.015757852543103388,18.631295720364665,8053309.941886613,0.937735746510159
UCLA_1_0051236,-0.37991160418103453,30.04305636223378,20943325.98714325,0.703823649777844
UCLA_1_0051237,-0.05340820051724138,14.068945989923241,4592163.773915627,1.0572294906431023
UCLA_1_0051238,0.19855917594827635,54.354872262237414,68544204.29385957,0.4957322747614166
UCLA_1_0051239,0.014686188965516983,22.83413981864515,12096437.24104471,0.9952197884911985
UCLA_1_0051240,0.0007155877155172604,27.22824560642997,17199954.736134417,0.6637425648212968
UCLA_1_0051241,-0.1514842290517241,21.93593705246076,11164032.138715193,0.8050334829642893
UCLA_1_0051248,0.02803036116379303,22.91758298178939,12185020.373937711,0.9062264508723239
UCLA_1_0051249,0.16670491318965505,18.83328822234967,8229516.43042489,1.1368679238306652
UCLA_1_0051250,-0.11902482215517239,20.714930610106148,9955642.396483403,0.7460704611229136
UCLA_1_0051251,-0.06093034655172452,35.65826004776931,29499153.15368215,0.5930489938865212
UCLA_1_0051252,0.11715108250000004,19.002291525527525,8377538.736256575,0.9911480569573109
UCLA_1_0051253,-0.12950520245689662,17.036281496633,6733838.484855612,1.0949320141020165
UCLA_1_0051254,-0.06234889310344819,22.482071196044625,11726379.97344498,0.9334648586277976
UCLA_1_0051255,-0.024312360732758623,23.152013786141474,12435578.935914006,0.941474059653342
UCLA_1_0051256,0.16032598905172418,22.28211829813711,11519229.206378656,0.9349588798930825
UCLA_1_0051257,0.22568716913793094,23.014033074659235,12288962.350987885,0.7557595024251798
UCLA_1_0051258,-0.4124005043965521,40.3237023068596,37727168.17227165,0.31580918770648586
UCLA_1_0051259,0.49342239797413834,37.00688825282464,31778275.256621044,0.5887113084329202
UCLA_1_0051260,-0.031754055905172336,23.62446474289033,12948299.150828725,0.8385487338958864
UCLA_1_0051261,0.1721940853448276,26.86845376003825,16749088.23159352,0.5285148499547697
UCLA_1_0051262,-0.12371172827586206,20.68157376862469,9923632.916819643,0.7608236379205685
UCLA_1_0051263,-0.10995760025862034,37.884141786136176,33297110.71746543,0.623429124889276
UCLA_1_0051264,-0.20954930745689634,19.58656017805662,8901312.212084625,1.004793042850424
UCLA_1_0051265,0.016371905086206825,16.91100576342741,6634791.30810287,1.0652304962640264
UCLA_1_0051266,0.4510211030172413,27.415047396480304,17441487.25584978,0.7481705225337054
UCLA_1_0051267,-0.0329627224568967,22.798616787512792,12058849.92398642,0.8951610812270678
UCLA_1_0051268,-0.2047021096551726,24.98321287844278,14481505.625452247,0.8348546857999642
UCLA_1_0051269,0.13586397758620702,21.87776697529442,11104799.406819979,0.7863575870563259
UCLA_1_0051271,0.03187230469827596,20.503684318368954,9753328.406130351,0.73678039004836
UCLA_1_0051272,0.1648572747413796,22.377130465948667,11617704.982818056,1.0527254999110232
UCLA_1_0051273,0.0003050996120690531,17.078712127335635,6767031.866098499,1.066594419183216
UCLA_1_0051274,-0.07003676499999999,44.62414964037345,46198615.561577536,0.5164404196514458
UCLA_1_0051275,0.05079562012931013,23.850067823759538,13196816.917116541,0.9901395821006714
UCLA_1_0051276,-0.020884876551724024,18.307024465470608,7775423.878211865,0.7909888415707619
UCLA_1_0051277,0.03379934650862063,19.341649025263205,8679132.28236512,0.7144732863775723
UCLA_1_0051278,-0.35495707366379314,27.449579020104284,17483644.883398164,0.6628369544333599
UCLA_1_0051279,-0.007037466594827665,17.32726532477797,6965432.817339588,1.03432939806068
UCLA_1_0051280,-0.12591067228448274,21.101268877547643,10330482.120366976,1.000798850939319
UCLA_1_0051281,0.13631295163793095,19.39056748665168,8723494.37726412,0.9771063669100871
UCLA_1_0051282,0.00025403504310361313,31.249517803382133,22655550.82179559,0.6350698381025338
UCLA_2_0051291,0.10959305331896538,21.819196572120354,11045272.912811816,0.9567399658542903
UCLA_2_0051292,-0.23353211948275845,35.66387537131444,29509623.81503431,0.3349802104194995
UCLA_2_0051293,-0.022401840431034485,22.07047314711423,11300865.853294726,0.7209658873642792
UCLA_2_0051294,0.0647529097844827,29.802567840157895,20606176.03311171,0.595010788311382
UCLA_2_0051295,-0.1344456761637931,22.795689568114465,12056147.693795815,0.9659711241141167
UCLA_2_0051296,0.13341500068965528,47.196347059023914,51678301.02645527,0.3620060597460297
UCLA_2_0051297,0.016117501594827475,29.091192191346366,19634107.17099486,0.7427101733397408
UCLA_2_0051298,-0.3990089650431037,25.63145536335961,15245432.522995483,0.8680518604005111
UCLA_2_0051299,0.19691521956896563,32.43849949937638,24413244.588693954,0.6956259138671192
UCLA_2_0051300,-0.5061158425431034,59.34232205819921,81705002.29971854,0.2267740015719459
UCLA_2_0051301,-0.18973718939655201,30.88409486240879,22129628.923574276,0.6131059674053244
UCLA_2_0051302,-0.05709224840517248,24.07499060317218,13446915.623969633,0.8615880993235002
UCLA_2_0051303,0.008429805301724087,20.808060849464876,10045030.843138289,0.885082317846651
UCLA_2_0051304,-0.16488178310344853,35.99306808438751,30056252.758210294,0.6746157381514979
UCLA_2_0051305,0.04516421521551719,16.83962129834857,6578937.338452633,1.1161418652651007
UCLA_2_0051306,0.05349051823275875,22.60962617075253,11859794.918147871,0.9224889424150121
UCLA_2_0051307,-0.2959497194396552,29.31437702173989,19938550.64469224,0.6733047908976697
UCLA_2_0051308,-0.04300218698275863,19.396498344648457,8728443.135551227,0.9049621671460114
UCLA_2_0051309,-0.06313498767241381,24.11751684185621,13494479.627738165,0.6538074008292952
UCLA_2_0051311,0.5822396921551725,21.048148015175016,10286034.079925817,0.9733869630489215
UCLA_2_0051312,0.11906780547413787,20.416942559436134,9671284.718328668,0.8496925425195814
UCLA_2_0051313,0.04559657590517249,18.773811563040915,8177027.447933432,1.0210168877077017
UCLA_2_0051314,-0.09280690978448268,20.07914094933472,9353787.933749497,0.7672177115682328
UCLA_2_0051315,-0.21582281918103438,24.101165245535576,13477175.699819876,0.8611921465800344
UCLA_2_0051316,-0.10447569827586198,21.871688575877265,11098454.890895216,0.8916363900951187
UCLA_2_0051317,0.03572851685344811,25.00641120473,14507467.566513533,0.958297425553761
UM_1_0050272,0.2357803066047298,38.08348266559919,85864108.86220342,0.3778273020040099
UM_1_0050273,0.08655427442567568,26.961982288051225,43035794.04818167,0.6458496708735323
UM_1_0050274,0.01578230756756741,36.25286729398052,77804821.65807873,0.4728817098347486
UM_1_0050275,-0.051792063631756424,42.85560924137199,108727070.81132779,0.20516990547004268
UM_1_0050276,0.099825090135135,26.443493429287102,41396683.939767525,0.7413603998339287
UM_1_0050277,-0.20754014851351352,40.24573759659355,95889938.08234084,0.3989840004338688
UM_1_0050278,-0.32484061866554054,57.52887606665626,195932884.4928777,0.1604528301556412
UM_1_0050279,0.5370307815033784,118.1546494561927,826479927.7384226,0.11672873795369544
UM_1_0050280,-0.12091547028716211,30.07091987465415,53533070.68540242,0.46355036820964884
UM_1_0050281,0.24937721491554038,60.938026092254404,219839508.61052337,0.23259798741242235
UM_1_0050282,-0.1754274971114865,35.00428270037214,72539570.46471944,0.7388200895448916
UM_1_0050283,-0.1140643247804052,61.14263145684922,221315316.0145859,0.09878751071336975
UM_1_0050284,-0.31126381800675673,56.054655805756795,186019502.30184284,0.10542489718948878
UM_1_0050285,-0.14803179618243237,33.36337757644665,65897703.10189647,0.7166661716204283
UM_1_0050286,0.5370307815033784,118.1546494561927,826479927.7384226,0.11672873795369544
UM_1_0050287,-0.23132131731418892,28.762425070613244,48977971.84527351,0.47358870188529634
UM_1_0050288,-0.015044950185810918,51.63823290376381,157857233.56741378,0.35496837512499946
UM_1_0050289,0.0686302540709458,40.91271857383145,99092230.87182775,0.40491830569053766
UM_1_0050290,-0.19813941447635128,35.483476360825385,74539688.14950792,0.45340883192696724
UM_1_0050291,-0.043476135945946015,33.46013853136834,66279299.4341952,0.3776443558214997
UM_1_0050292,0.4262297127195949,44.95320121035974,119641540.6729639,0.4107681394114433
UM_1_0050293,-0.06690435126689186,24.465266266003223,35434380.7957923,0.6929128969324236
UM_1_0050294,-0.07727618592905408,29.57228820923916,51771951.131121665,0.48447289124302484
UM_1_0050295,0.0198025096114865,29.195007235264757,50459051.30470767,0.40512733529529965
UM_1_0050296,0.008485554577702985,95.18989480918498,536418075.8306695,0.13347427431722642
UM_1_0050297,-0.2759334152533787,42.33996611076581,106130733.07501867,0.4292986664228695
UM_1_0050298,0.021673973750000273,34.73583873479702,71429474.57236102,0.37514989617672223
UM_1_0050299,-0.6002189311824324,92.90975496656061,511048903.57813174,0.14352913415459861
UM_1_0050300,0.07305656280405395,50.76541148653121,152566234.5669656,0.28952983626961765
UM_1_0050301,-0.10366224408783788,25.5915908533828,38772463.88145351,0.5867562959393877
UM_1_0050302,-0.1542076474662164,45.58835398611451,123036650.51037973,0.18662015403178175
UM_1_0050303,-0.6627450620439194,122.84312220758245,893379616.7596786,0.1431917771913344
UM_1_0050304,0.5309570565878382,60.63282858567468,217656011.60758838,0.17680789230128893
UM_1_0050305,0.1841090812668921,68.19468889588023,275312529.7937739,0.27382753930587267
UM_1_0050306,0.7213696795439182,65.93550589447429,257402269.65706939,0.32167800194559154
UM_1_0050307,-0.12885009520270257,32.07867340329917,60920227.068023995,0.5598437543766124
UM_1_0050308,-0.9912737013006762,141.7808294861915,1190084945.0139294,0.138383435003143
UM_1_0050309,0.29043391613175706,115.3682705235066,787947393.9703226,0.1387353434619937
UM_1_0050310,-0.15495293385135148,27.048610391425676,43313759.00351593,0.5033646414335003
UM_1_0050311,0.31737662182432425,52.564959164865684,163579999.0675054,0.15530267137106993
UM_1_0050312,0.1402826326182433,53.38579215292857,168723698.9943521,0.23676221316106003
UM_1_0050313,0.6889294652533785,118.45638059872834,830717412.7188456,0.1356159188554112
UM_1_0050314,0.21171733940878426,32.417692817977134,62216336.606853925,0.5796671173849375
UM_1_0050315,-0.206574477043919,30.26125894019131,54214558.767064564,0.5222606879321126
UM_1_0050316,-0.03373006861486509,49.002519947646526,142153887.45707184,0.33140485743068293
UM_1_0050317,0.2270179331756762,136.50233037201073,1103069913.8605876,0.08890132239658557
UM_1_0050318,-0.10870032993243242,35.164180650329286,73202659.86098664,0.506977283621728
UM_1_0050319,-0.024076372398648734,25.750772061072126,39255688.21164965,0.6429160091346785
UM_1_0050320,0.15073289131756754,34.118187876747086,68913149.09233418,0.33143732678375765
UM_1_0050321,-0.08083393185810801,27.668565203999055,45320917.24669122,0.6521808286151665
UM_1_0050322,-0.47809004246621645,57.53732808643108,195997743.45012757,0.3244493752831985
UM_1_0050324,0.012628380456081053,29.96182932235051,53144513.44840523,0.6905798174563151
UM_1_0050325,0.14557125780405394,47.161523069527405,131674442.5943369,0.2451226480368481
UM_1_0050326,0.05487346278716245,36.52225832267665,78965599.15384632,0.5077983976657043
UM_1_0050327,0.4069982234290541,31.189285843659555,57597882.18028951,0.43977281695115217
UM_1_0050328,0.01563123722972972,32.60412007867336,62931310.314055614,0.6186768214094861
UM_1_0050329,0.08152975986486485,22.956867357918338,31199844.834655367,0.7072890648260275
UM_1_0050330,-0.3101443413006758,32.61076734387348,62962653.507106215,0.6184057775923708
UM_1_0050331,0.08874409253378404,37.34235593542862,82551997.80147432,0.4203660373384965
UM_1_0050332,-0.10151049432432399,38.64491745645231,88411645.01611106,0.5369555352070129
UM_1_0050333,0.19429834282094588,54.20101176985636,173917015.78035006,0.2755628592310077
UM_1_0050334,0.012754548192567501,27.152125789787288,43644495.37690955,0.6567483367391129
UM_1_0050335,-0.050857811638513654,26.860613187931097,42712511.53904084,0.835930071637876
UM_1_0050336,0.12467933952702719,24.659625090363214,36000269.148470566,0.7079441833452432
UM_1_0050337,0.2620787590371623,30.882824454082847,56465997.86702805,0.5036819688378309
UM_1_0050338,0.16997591113175725,36.7746236398983,80062188.67145869,0.42024820217117326
UM_1_0050339,0.0044629159966215765,24.712183656871595,36152968.827707395,0.7474901544696089
UM_1_0050340,0.45936762582770296,26.892205988684704,42825384.28396769,0.7032091876569062
UM_1_0050341,0.21723120506756752,24.171301388255092,34590500.811740406,0.7057283962777284
UM_1_0050342,-0.032233755219594845,37.619545640806244,83781690.1915522,0.40617516009845733
UM_1_0050343,0.05332114244932419,35.930059392309325,76425543.0558832,0.3135712229245045
UM_1_0050344,0.11927102111486482,28.48375643924194,48031245.50281884,0.6211479862097592
UM_1_0050345,-0.2143651557601354,33.74305106656703,67407455.30389649,0.7053006991490474
UM_1_0050346,0.09597828481418898,30.4466715315255,54878933.93544188,0.5527551768654986
UM_1_0050347,-0.17284304976351353,32.33556317852539,61900616.43090173,0.614927951036462
UM_1_0050348,-0.12171438216216203,33.9692084776158,68312178.78800377,0.43417429068533153
UM_1_0050349,-0.10730510173986467,28.745258582589553,48917043.197596036,0.3804248659151685
UM_1_0050350,-0.10004619037162164,25.41189442033214,38229843.72640269,0.7193120909728825
UM_1_0050351,-0.006521024898648783,25.278003069510778,37827466.916992955,0.5691222803505928
UM_1_0050352,-0.03150131413851282,43.62917077764971,112687527.67662446,0.30147507415976516
UM_1_0050353,0.14732031091216208,36.4587887884664,78692487.00520383,0.5595867785627784
UM_1_0050354,-0.21835298619932386,71.4143443191753,301923330.151807,0.215656218392597
UM_1_0050355,0.05741583773648659,36.40888645991052,78476130.34188145,0.4191124681802305
UM_1_0050356,-0.04492842347972985,24.814109676679347,36451929.81048286,0.8509554714924057
UM_1_0050357,0.043985601891892004,26.245173078542845,40777613.84362596,0.6358108526420913
UM_1_0050358,-0.05379498146959466,31.741252701105715,59644593.00258056,0.610248924114403
UM_1_0050359,-0.3604650447128377,58.328668537752364,201419919.69937822,0.3010376508071919
UM_1_0050360,0.15604821055743262,25.55408834111696,38659718.29378596,0.6634146414805122
UM_1_0050361,0.290372521841216,36.83349445726353,80322005.30397443,0.5918113108542626
UM_1_0050362,-0.08290692739864872,30.894070221532896,56503466.545967676,0.38188613511244945
UM_1_0050363,0.12246417363175673,37.25482672613058,82165877.02257596,0.5873560511947866
UM_1_0050364,-0.0019221281249998676,45.813145952944424,124251585.27138163,0.2594285936688075
UM_1_0050365,0.027419802499999833,31.52437261693986,58832179.78764442,0.5461873126300514
UM_1_0050366,0.46251870562500047,47.651912973652486,134438389.0292149,0.3243563190896229
UM_1_0050367,-0.10427343967905392,22.419444226851326,29756427.261554282,0.6671136134127248
UM_1_0050368,-0.1400561386993244,34.687272900144016,71231009.80468634,0.6504778912714956
UM_1_0050369,-0.06743276915540525,29.589123812633595,51830831.07452082,0.6448098716708245
UM_1_0050370,0.6471333594256755,46.921006629356576,130358378.9660627,0.44057598367552225
UM_1_0050371,0.23680279380067557,59.517892538026494,209712187.97768834,0.17783292779934878
UM_1_0050372,0.030461637668918906,32.7888545940334,63646506.87920205,0.6221324180069264
UM_1_0050373,0.12077816356418873,37.83523777923456,84745972.46641995,0.4786983459202569
UM_1_0050374,-0.09360735692567558,33.62396806121473,66930335.43871647,0.5361560671442152
UM_1_0050375,0.012300082212837953,25.47473412835765,38418564.02798991,0.5557631104391094
UM_1_0050376,0.16921108136824356,56.548062812016425,189304552.77876338,0.24504731044768555
UM_1_0050377,-0.1825735552364866,33.55602158711161,66661563.137180105,0.4201011067594335
UM_1_0050378,0.06726890689189212,42.425459336987714,106555508.20356576,0.43524507520624595
UM_1_0050379,-0.1332576670945947,29.793286512493985,52549334.58622663,0.7306754417025125
UM_1_0050380,0.13699829452702722,42.47199838977271,106790253.4126107,0.34256792235468797
UM_1_0050381,-0.11347930135135136,39.601471056560655,92842731.73381045,0.38429839124422244
UM_2_0050382,0.0804639990709458,28.202186196364867,47085891.018007115,0.5537646308117833
UM_2_0050383,0.15614231986486463,84.11059542957135,418817305.32131195,0.17020880493970558
UM_2_0050385,-0.07955630447635126,33.08256475528964,64792175.26361603,0.4046305315579787
UM_2_0050386,0.010378054847972948,23.027592530921766,31391991.428071823,0.7049826455023387
UM_2_0050387,0.1009870527702703,36.47090612215836,78744121.75196204,0.4565702324311349
UM_2_0050388,0.07005131212837845,34.86864275894119,71976967.57818998,0.5699110654582953
UM_2_0050390,0.08883597172297318,29.11503838702404,50183446.44477911,0.378124658780315
UM_2_0050391,-0.11746028736486526,44.034606474147246,114792373.5637254,0.4894825866156756
UM_2_0050397,-0.017310112888513543,23.39055040330087,32389394.350314517,0.5109217428690879
UM_2_0050399,-0.13194775040540546,38.0279143839818,85611469.21017382,0.49201164912521084
UM_2_0050402,-0.05427343922297287,27.331946340099666,44224663.59158211,0.6614432496846927
UM_2_0050403,-0.32058091521959425,48.900272685843234,141567294.8996833,0.37828714982483785
UM_2_0050404,0.006743207128378424,32.64113105658043,63074254.14172313,0.5600585909457737
UM_2_0050405,0.0251288858952703,28.86581154049344,49327553.87524967,0.6605602691549265
UM_2_0050406,-0.18378652391891911,33.190158512220385,65215927.65351921,0.5219867997406278
UM_2_0050407,-0.07079770790540511,31.14511029753196,57425356.139443874,0.568050545198921
UM_2_0050408,-0.00044946393581076215,29.40200077124301,51177076.85360819,0.5110047313067776
UM_2_0050410,0.2975436313513518,44.547121448140466,117484446.04245369,0.2937802113154378
UM_2_0050411,-0.021997162212838085,43.404691979631465,111530891.9675323,0.46029548236845563
UM_2_0050412,-0.11330443824324324,29.15102892479886,50307883.255994976,0.696432015122646
UM_2_0050413,0.06591098917229743,28.72612791890712,48851530.352737,0.5835152286659204
UM_2_0050414,0.05226352685810809,28.581782862292915,48361725.749359235,0.37931728366390066
UM_2_0050415,0.06530714427364862,29.03801921313085,49918080.83083876,0.5726767881739351
UM_2_0050416,-0.015932479476351406,43.350238295782134,111251210.1173839,0.2661007430843311
UM_2_0050417,0.0565925098817568,23.636785231958427,33075088.473783042,0.6927034876608665
UM_2_0050418,0.1498472438175675,32.48503300877559,62473749.56764097,0.5033351532218955
UM_2_0050419,-0.06302749738175689,29.748635192762528,52391127.883211724,0.7555676641255975
UM_2_0050421,-0.4960758176013514,39.18147718994935,90897707.36339715,0.4322853535630539
UM_2_0050422,-0.1276031009290548,63.969537263029565,242253384.4276917,0.1780966406964789
UM_2_0050424,-0.22795878179054047,30.244388257324715,54154679.18694701,0.5674668327990445
UM_2_0050425,0.1667033190540543,31.250349540629916,57815438.47536141,0.46330608547130814
UM_2_0050426,0.2077088172466214,31.691332877032583,59459516.370558366,0.4983858052902953
UM_2_0050427,0.11986330572635126,28.54070419050619,48223500.843800604,0.5169784258883483
UM_2_0050428,0.026651798462837693,28.106060820243894,46765120.81685693,0.5720782314075459
USM_0050432,0.1781741650423729,27.963060327156686,36908723.875763424,0.5963264384809711
USM_0050433,-0.009446387796610252,25.774456716715118,31356031.830630198,0.8113813908750106
USM_0050434,-0.3236626225847459,34.01322823352174,54610610.151340015,0.6905855521222128
USM_0050435,-0.12351601864406787,34.047585605897346,54716757.73285474,0.756267354309982
USM_0050436,0.358242410190678,37.707976402588926,67119335.59852566,0.2573299912929966
USM_0050437,-0.1335793627330507,33.439703746569094,52780532.94093031,0.5626323758124624
USM_0050438,0.11421472514830484,29.977314763432407,42416395.424265005,0.7552239793626517
USM_0050439,0.4435150626694913,31.229043799408974,46041234.44154953,0.7617637502739103
USM_0050440,-0.011424198834745495,30.267792777509595,43241780.158352226,0.7159877342424574
USM_0050441,-0.14913651379237292,25.450067675444046,30572770.397345,0.8945113963123315
USM_0050442,-0.18088319381355925,20.454606652566493,19749596.37633622,1.0704316001367298
USM_0050443,-0.09144044684322046,27.518195418792228,35742645.58981379,0.7364825604038424
USM_0050444,-0.12474427144067797,34.75389425698951,57010459.921917364,0.7947123473790831
USM_0050445,-0.06604577372881332,29.211118543096493,40275467.76512059,0.6981842422856814
USM_0050446,0.05625928686440687,26.37782759639429,32841427.41994804,0.8196926038093683
USM_0050447,-0.26655071616525394,28.696090248105953,38870929.63511366,0.6990029961316998
USM_0050448,-0.5375728813559317,40.689630419990536,78160132.3926185,0.5396622182924534
USM_0050449,-0.13916154622881377,27.307653242632092,35198328.161433004,0.8446160103341166
USM_0050450,0.2826453025000004,36.94332974763253,64422784.45708066,0.6249535981459167
USM_0050451,0.5829213694703389,43.735489745346854,90299871.01976894,0.5341173288640024
USM_0050452,0.23642402529661008,21.986280586986695,22818954.713437825,0.8863417771043587
USM_0050453,0.2938399143008471,61.15492818908009,176528546.75096,0.4522649040479037
USM_0050454,-0.043258749957627185,30.68820305751227,44451434.41191572,0.5610670876232182
USM_0050455,0.5667809671610171,30.162510456418683,42956638.707359865,0.7173075074987973
USM_0050456,0.11187822798728801,32.76596567955007,50674912.31634377,0.6397113012004946
USM_0050457,-0.19374997025423712,25.97669295173107,31851792.663847845,0.8125149064880799
USM_0050458,-0.6407919095762712,34.09659429825459,54893050.450926065,0.469549759024007
USM_0050459,-0.2277497149364408,29.39823102716716,40795330.872081205,0.8078268626940901
USM_0050460,0.026202589745762766,21.4191048199105,21654356.427087463,0.9761658600442971
USM_0050461,-0.04445325864406787,28.287294820969265,37768166.75076615,0.6931441845577685
USM_0050462,0.006233890063559148,27.06241941899947,34568080.34928181,0.8213625826339209
USM_0050463,0.049753537966101796,27.621231057957463,36010526.36298019,0.6841711787716056
USM_0050464,0.023985224894067868,31.345095846294843,46374736.74028879,0.6388380805763405
USM_0050465,0.09369904319915269,23.20079107483936,25407074.939626787,0.9432281471336975
USM_0050466,-0.06584015360169497,21.419150712329145,21654621.422107592,0.7592964190243698
USM_0050467,-0.11724962010593233,29.826396914928203,41990427.45889197,0.7502733222680151
USM_0050468,0.16609199548728826,23.711108705875446,26537929.195324507,0.7729158174952877
USM_0050469,-0.03805859944915259,21.240308515673785,21294381.682865426,0.7964151468557957
USM_0050470,0.28304396144067756,47.3998933829306,106050376.31139237,0.5077897403967295
USM_0050471,-0.14156661669491535,23.351989703848446,25739833.911920622,0.9828626847326625
USM_0050472,-0.16351241925847454,25.379252680271208,30403087.1778384,0.7441576743087621
USM_0050473,0.17510529805084743,25.209473647637232,29997876.147138376,0.8514352742534007
USM_0050474,-0.23968640963983073,31.03471792035572,45463567.03383189,0.6565560166538207
USM_0050475,-0.09859397296610176,25.939265763499076,31758766.8145084,0.6386199024549911
USM_0050476,-0.1539685462711863,30.796282783832957,44766119.709830225,0.374081649303311
USM_0050477,-0.13488026177966098,30.22072585165466,43108253.88597381,0.691244628317589
USM_0050478,0.18426182887711787,47.37962992740773,105957547.02744141,0.47401969655449294
USM_0050479,-0.14174217152542432,36.61983349824859,63296724.38454053,0.7314256651967668
USM_0050480,0.15562726586864423,26.32464442370935,32710125.047164954,0.754764021093324
USM_0050481,0.09786428489406766,41.82285140505098,82560374.5175734,0.4821403141369781
USM_0050482,0.003339579915254135,22.82328313320768,24586586.867000017,0.8968656967874906
USM_0050483,0.412956006949152,39.59277417197272,73998191.72679506,0.5804567503768739
USM_0050484,0.019923241991525436,26.378730797192265,32843545.831177883,0.7701061410006812
USM_0050485,0.33365584074152554,28.384734693097236,38033971.919389725,0.7532690323360428
USM_0050486,-0.38445775188559295,37.596262912693106,66723184.61842908,0.7493945473340109
USM_0050487,0.1860675589618646,39.03359070457008,71916554.91302039,0.5732736104239723
USM_0050488,0.15251572828389814,36.0791569273792,61441600.57010551,0.6551650585995531
USM_0050489,0.28662284269067817,59.34444210002074,166231082.15054673,0.2919746937927287
USM_0050490,0.2543973150635595,43.4234795651192,89003307.54931034,0.5246553627794839
USM_0050491,-0.06522551500000001,21.506846149571007,21832297.963582665,0.9910694929299763
USM_0050492,0.13294127436440661,28.016804828134894,37050066.03476297,0.7411010882544253
USM_0050493,0.31641124728813563,23.045034207451987,25071399.47544201,0.9138203362545108
USM_0050494,-0.15291603745762722,23.252260919226625,25520616.199238423,0.8000472473903996
USM_0050495,0.26586688542372855,30.8987763198384,45066798.98606888,0.745072223207205
USM_0050496,0.21364025423728852,44.00842888780431,91416367.8916307,0.5895607656132661
USM_0050497,0.16708016995762706,24.588377911815677,28537886.72234402,0.8469155391667142
USM_0050498,0.20790600798728812,31.972606956148923,48252126.72668148,0.6726152360465469
USM_0050499,0.05562357569915255,29.43048093613421,40882577.4597965,0.7327580775956423
USM_0050500,0.21950285279661022,29.947980284232703,42335082.057458736,0.60163653005651
USM_0050501,-0.21844423186440692,36.305462597211054,62215940.48361249,0.5805326384524632
USM_0050502,0.29171714805084753,27.576168318401198,35897023.45850911,0.8260463746873562
USM_0050503,-0.1650565772669493,26.53750479436938,33241374.286966193,0.7722681555042736
USM_0050504,-0.17770865451271178,29.516589701402808,41123502.58403517,0.7362295024239732
USM_0050505,0.07771070688559344,23.73313023087775,26586226.448861048,0.8305309964341855
USM_0050506,-0.3736756051271188,29.509029345944082,41107539.46996936,0.7078299296438548
USM_0050507,-0.6533625683686435,45.26163292586351,96714796.45433605,0.44090000980592736
USM_0050508,0.14425690819915277,49.77297095487853,116931837.93289118,0.49187615062832707
USM_0050509,-0.07567063472457602,48.54507377594178,111232931.93875104,0.4411088600786415
USM_0050510,0.2138461355720339,50.755280566815536,121594007.91965267,0.4503443652620686
USM_0050511,0.43762295199152557,42.24425053727612,84241059.85676125,0.502023939436266
USM_0050512,0.2178362533050849,33.47635031553303,52897676.40144881,0.5649507642838043
USM_0050513,-0.2602215284322032,27.151011061910967,34797969.51899553,0.843630928991797
USM_0050514,0.2516531047881355,24.045826313426172,27294112.36036471,0.8228050378137919
USM_0050515,0.0800383078813559,30.645570980739254,44328230.5480873,0.7424269672467972
USM_0050516,-0.14494469811440688,26.856139608246036,34044097.09901093,0.7693947711638003
USM_0050517,-0.11541979716101682,28.444256867293138,38189004.12581252,0.6154995111671817
USM_0050518,0.17031419330508477,26.809952002118436,33927479.57083184,0.7813600515103416
USM_0050519,0.06464078523305083,31.09080753856634,45625525.61443685,0.6383373033245004
USM_0050520,-0.47489110932203404,31.972004125352427,48258911.673662946,0.6203256531528063
USM_0050521,0.0730133265677967,33.17009702751583,51932303.518303685,0.7110844021921949
USM_0050522,-0.163396479576271,68.78388678223948,223314989.58208567,0.17154523417927173
USM_0050523,-0.3042966802330509,45.23386368013524,96580404.9394055,0.4935041728967904
USM_0050524,-0.0948895615466104,32.47945814891874,49792422.50791921,0.7084968769730177
USM_0050525,-0.05987107163135599,20.46075264617006,19760090.416148346,0.8748650783200232
USM_0050526,0.0004434983405171571,24.456590806705645,27752992.30146651,0.8886484477915555
USM_0050527,-0.050813701716101736,22.505124294538785,23906007.112920318,0.818946070409239
USM_0050528,-0.07392541574152564,24.029451332665463,27254223.826116644,0.8804779837476167
USM_0050529,0.6376128056144066,30.497631752699284,43920170.77133997,0.8235572147512237
USM_0050530,-0.4902845038559321,32.01365342785692,48385398.9575406,0.5875451502587583
USM_0050531,0.5178342660169496,61.58260256498691,179014736.29539794,0.33480110674834035
USM_0050532,0.11698777010593253,34.8297100773916,57259376.8180776,0.7200819883276008
Yale_0050551,0.02313885329081651,21.025385272305673,17329040.561212454,0.6794726552859877
Yale_0050552,-0.15599173204081637,21.304657644967307,17793380.614957374,0.8460454015016081
Yale_0050553,0.25261241459183675,22.22110857365518,19358585.987547763,0.6169156490740195
Yale_0050554,0.006356671581632637,21.593091439907415,18277456.222907484,0.6676114901845325
Yale_0050555,-0.2132434443877552,21.752339638744385,18549822.29901389,0.7512646685499415
Yale_0050556,0.27392473897959163,22.85561080932018,20480196.025005743,0.6482215119425502
Yale_0050557,-0.09034945329081615,33.097659740236466,42942159.13752385,0.6024761038580431
Yale_0050558,0.008721006683673592,21.065275469862833,17394839.541744765,0.4854268526092203
Yale_0050559,0.08652658839285716,27.510570391933825,29668087.62948976,0.7222299750217074
Yale_0050560,0.04428317262755103,26.20641457471564,26921702.533760853,0.6072306282427934
Yale_0050561,-0.1164408801530612,22.731957048503777,20256812.845556784,0.844336302693973
Yale_0050562,0.03442307533163274,28.442219688669514,31711272.994052876,0.5368229609288452
Yale_0050563,-0.0667127486224491,27.03823799019101,28657973.956837453,0.578583137754765
Yale_0050564,-0.09590560198979603,19.611324053359393,15076838.577206338,0.7169065277300416
Yale_0050565,-0.31297778104591883,32.46942897147988,41330981.4947559,0.4878976302311879
Yale_0050566,-0.1279073987755101,22.602642401395023,20027115.510057665,0.5776565327519493
Yale_0050567,0.0126106051275511,24.722748415599117,23959606.371336117,0.697094074743412
Yale_0050568,-0.07705757785714278,20.08300784481341,15810659.165033571,0.7241932824684568
Yale_0050569,-0.19408094977040813,18.28431790616423,13106674.789382674,1.0542887870207212
Yale_0050570,-0.08939362265306129,20.016795901583478,15706660.287908465,0.6785867679012704
Yale_0050571,-0.07108458665816324,28.724218182246663,32343361.91743099,0.66644815107523
Yale_0050572,0.052461154872448984,21.954310201464004,18894183.952919178,0.6915073462578302
Yale_0050573,-0.07940860400510179,27.603392055325056,29868579.500505798,0.5113987228526146
Yale_0050574,-0.13575893908163286,22.137839242500757,19212012.387200803,0.5540186130444045
Yale_0050575,0.08955910841836738,23.094913429134927,20908615.44761899,0.6542597330518609
Yale_0050576,-0.01795876405612243,19.100871456098393,14301869.62566435,0.8748650880909927
Yale_0050577,0.2203763148214287,24.458040787140483,23451177.53473002,0.7792982671155398
Yale_0050578,0.28666895033163287,24.861569146747907,24232648.14140398,0.7612321065613188
Yale_0050601,0.19420413099489786,29.383976678186123,33847467.38621231,0.4653189906538052
Yale_0050602,0.2606242363265309,27.816626041636578,30334238.285846353,0.7048782561316433
Yale_0050603,0.08523100181122448,24.687476446311614,23891567.298345722,0.627369986102445
Yale_0050604,-0.03396184637755096,19.010343869825682,14166657.636276307,0.7577671762571985
Yale_0050605,0.003946150637755193,16.951115315051535,11263740.779054157,0.7784617982637787
Yale_0050606,-0.017842788290816532,25.947178341294517,26391650.183809467,0.6163813231953247
Yale_0050607,-0.06641475058673478,31.493135196955976,38879421.43775145,0.4421427553670842
Yale_0050608,-0.10079305068877557,27.547385307913284,29747648.98443479,0.6076651175882962
Yale_0050609,-0.01321091867346949,26.748478898562198,28046866.87827582,0.7207762098426156
Yale_0050610,0.0425861323214286,23.656927942800202,21938360.488164674,0.6339332103697606
Yale_0050611,0.12745429372448983,23.213646651319422,21124473.709612645,0.8113437962325233
Yale_0050612,0.169012322729592,24.710189601388713,23936383.78383108,0.6739554201691283
Yale_0050613,-0.0422385062244898,20.9049737641668,17131172.717138883,0.6389593916579948
Yale_0050614,0.1445012404846938,30.220011114703194,35800182.133346416,0.48139374642433047
Yale_0050615,0.1320884280612246,26.58168978165433,27698864.21683661,0.5987079521209325
Yale_0050616,0.167729725892857,23.94167346696972,22470688.977070037,0.7373906440645579
Yale_0050617,0.008009448265306151,18.132708133218074,12888770.601112789,0.7664097978899284
Yale_0050618,0.12378299201530635,38.57767104431442,58339479.39695196,0.5395577974873554
Yale_0050619,-0.009785471505102132,19.388474422084506,14735791.017914088,0.7078694257042679
Yale_0050620,0.10028518971938774,21.47599621804599,18080156.05053066,0.6288015887449634
Yale_0050621,0.18486573204081636,23.03789978283464,20806536.868318364,0.6528618911083267
Yale_0050622,0.03026242499999984,28.454232597234952,31738055.325667072,0.43570497037634137
Yale_0050623,0.02513495770408164,23.590032908914157,21814419.14886227,0.642328078259116
Yale_0050624,-0.008250871505102132,27.17954250352845,28958121.87209721,0.557692407024083
Yale_0050625,0.05154773239795921,13.931774927005845,7608602.783590194,1.049882006923481
Yale_0050626,0.03376278841836754,30.694912207837984,36933407.994612314,0.5582684416101957
Yale_0050627,-0.01705464739795928,17.083599429408395,11440506.684758844,0.8740510979211189
Yale_0050628,0.000338129311224569,21.214800462911363,17642656.144782644,0.7528363611381846
