subject,firing_rate,firing_time,energy,entropy
CMU_a_0050642,0.30315677966101695,0.49069811148408216,235.99999999771046,10.404722006606917
CMU_a_0050646,0.3060593220338983,0.5035551032218912,235.99999999793948,10.684086724431644
CMU_a_0050647,0.3106435643564356,0.4969710939848362,201.99999999819605,10.876447228388347
CMU_a_0050649,0.3145338983050847,0.503958412562353,235.99999999770378,11.06913656093775
CMU_a_0050653,0.3054661016949153,0.478798088993003,232.45999999765888,8.471606178422839
CMU_a_0050654,0.3023516949152542,0.5185926839212497,235.9999999984077,9.840599866974655
CMU_a_0050656,0.30694915254237287,0.4869304886587292,235.999999998359,10.864086893022836
CMU_a_0050659,0.30480932203389827,0.5095515569137586,235.99999999835262,10.087167322070327
CMU_a_0050660,0.3109110169491526,0.5050138592149775,235.99999999838764,10.950301736091934
CMU_a_0050663,0.30156779661016947,0.5203704483019205,235.99999999795023,10.698103185909831
CMU_a_0050664,0.3062076271186441,0.518943954672749,235.99999999778854,10.247199458419498
CMU_a_0050665,0.3128177966101695,0.5166351230411195,235.99999999810618,10.665402761117589
CMU_a_0050666,0.3035593220338983,0.5060753110124162,235.99999999753476,10.727629769071028
CMU_a_0050668,0.2923728813559322,0.49727032278652417,235.9999999979999,10.65018552665359
CMU_b_0050643,0.3035917721518987,0.48023197999258005,306.5199999973442,5.391259517450394
CMU_b_0050644,0.30030063291139236,0.5000033908157107,309.6799999956566,7.50487046739953
CMU_b_0050645,0.28422468354430375,0.48482772697108145,300.19999999712684,2.893639984884751
CMU_b_0050648,0.2949525316455696,0.48628068412853664,309.67999999661487,7.397482968455646
CMU_b_0050650,0.2810759493670886,0.5379034095384427,315.99999999832295,9.775723240173626
CMU_b_0050651,0.27191455696202527,0.49273524577064337,297.03999999601126,0.7288549375875306
CMU_b_0050652,0.29360759493670885,0.4922176828893761,308.0999999961799,6.602014022785845
CMU_b_0050655,0.28530063291139235,0.47777045002651675,300.1999999943788,2.382202572748656
CMU_b_0050657,0.297373417721519,0.502785749304275,312.83999999641867,8.57912378115605
CMU_b_0050658,0.26897151898734173,0.4791489148910806,298.6199999949093,1.3677119244544969
CMU_b_0050661,0.29707278481012656,0.5242401119222323,314.41999999678507,10.070411442504652
CMU_b_0050667,0.2965822784810126,0.5067439800774928,314.41999999422603,9.788297005096274
CMU_b_0050669,0.30284810126582273,0.4928360667831515,314.4199999936859,9.704268001156642
Caltech_0051456,0.3056506849315068,0.5197381048299903,145.26999999516826,9.969512735686934
Caltech_0051457,0.2966095890410959,0.5021256164872474,145.26999999568415,9.996583772330535
Caltech_0051458,0.30811643835616437,0.48638074790009184,145.2699999889101,10.067852293266169
Caltech_0051459,0.31260273972602737,0.4937046253689445,145.99999999617646,10.99980890568386
Caltech_0051460,0.2972260273972603,0.5008714473093819,145.26999988029579,10.045100011223957
Caltech_0051461,0.30595890410958904,0.5020181545318387,145.99999999869198,11.23769891120657
Caltech_0051462,0.3066438356164384,0.4828777584711446,145.99999999817234,10.467641874848818
Caltech_0051463,0.3048972602739726,0.5025954929990006,145.99999999798342,10.912430879168541
Caltech_0051464,0.28229452054794524,0.4753533585007276,137.2399963908162,1.1841707034192999
Caltech_0051465,0.30801369863013695,0.5106529506843612,145.9999999978943,11.20916863829958
Caltech_0051466,0.2961643835616438,0.48275061079923687,140.15999884803975,4.574772895005191
Caltech_0051467,0.301541095890411,0.48880324559774174,143.8099999852607,8.468547860662326
Caltech_0051468,0.3003082191780822,0.49027872287167285,143.8099999211239,8.311296724511312
Caltech_0051469,0.18092465753424655,0.2959374351971152,87.59999993117543,-52.39866255237124
Caltech_0051470,0.3061301369863013,0.5024166088083132,145.26999999661103,10.155162520789087
Caltech_0051471,0.2905479452054795,0.4784554506659366,135.77999987407375,0.027684410372689854
Caltech_0051472,0.3056849315068493,0.4987946959241442,145.99999999695592,11.071943785495373
Caltech_0051473,0.30613013698630137,0.4989105400661515,144.5399999956152,9.380824557733993
Caltech_0051474,0.30561643835616437,0.5291393953510759,145.99999999810396,10.878411688693005
Caltech_0051475,0.3061986301369863,0.4822287796754379,142.34999992333258,6.973326269424008
Caltech_0051476,0.30154109589041095,0.48445030263932587,145.99999999796026,10.778341577723381
Caltech_0051477,0.3135616438356164,0.523427425441172,145.99999999822666,11.064101323749048
Caltech_0051478,0.12462328767123287,0.20375337759008139,59.85999997573383,-82.34039259548508
Caltech_0051479,0.3093150684931507,0.5051753500538144,145.99999999766294,10.90164586294111
Caltech_0051480,0.30476027397260275,0.4892953041490873,145.99999999741433,10.58297895208732
Caltech_0051481,0.3031164383561644,0.5034372412995997,145.99999999802236,10.467260767345879
Caltech_0051482,0.2996575342465754,0.5079211060992169,145.99999998998163,10.728811724144144
Caltech_0051483,0.30678082191780814,0.5011735736519273,143.80999998055856,8.728987385564254
Caltech_0051484,0.3029109589041096,0.5026366702310938,145.26999999769572,9.97888559222403
Caltech_0051485,0.2997260273972603,0.4948482219763177,145.9999999942756,10.739856194813319
Caltech_0051486,0.31455479452054796,0.4835114995243186,145.99999998972095,10.985412043075698
Caltech_0051487,0.3145890410958904,0.5026851066614831,145.99999999553214,11.039373487954103
Caltech_0051488,0.30517123287671233,0.509231960515763,145.99999999831695,10.568044338143864
Caltech_0051489,0.3102739726027397,0.5156128243391458,145.9999999928183,11.094322646711507
Caltech_0051490,0.30801369863013695,0.515081016349228,145.26999999251234,10.225344698751373
Caltech_0051491,0.3026027397260274,0.4833374564360638,145.99999999526202,10.8599570643255
Caltech_0051492,0.31178082191780826,0.48579912061930997,145.99999999795946,11.012299643838432
Caltech_0051493,0.3079794520547945,0.4838733067451567,145.99999998651612,10.922644202067554
KKI_0050772,0.30506578947368423,0.48772328581880325,151.99999999869024,10.719602547430377
KKI_0050773,0.3092763157894737,0.4815532864023426,151.99999999861964,10.887708128267082
KKI_0050774,0.31078947368421056,0.4945262844752392,151.99999999810194,10.749351962691328
KKI_0050775,0.3024013157894737,0.4884077734397938,151.9999999988264,10.775832724178866
KKI_0050776,0.30611842105263154,0.504356976807478,151.99999999873899,10.715978408421579
KKI_0050777,0.31276315789473685,0.5016635509020999,151.9999999985691,10.597947446395954
KKI_0050778,0.3060855263157895,0.494365023732763,151.99999999880762,10.852664989629467
KKI_0050779,0.3112171052631579,0.49319300535832133,151.9999999983433,10.733641192059029
KKI_0050780,0.31476973684210524,0.5027387284443096,151.99999999890008,10.564958708689883
KKI_0050781,0.30782894736842104,0.4878063273161039,151.99999999894175,10.845043047424895
KKI_0050782,0.3061842105263158,0.4741820822773573,151.99999999858994,10.756634255135369
KKI_0050783,0.305625,0.5031250460636538,151.99999999840554,10.79248398322772
KKI_0050784,0.31197368421052635,0.49798317856636976,151.99999999872188,10.874119208671273
KKI_0050785,0.308453947368421,0.5105657853381055,151.99999999889644,10.117053002835014
KKI_0050786,0.30430921052631577,0.49164796581377834,151.99999999864113,10.599190730636183
KKI_0050787,0.3050986842105263,0.5169919511304557,151.99999999899353,10.82844307466353
KKI_0050788,0.30881578947368415,0.5028865995797492,151.9999999987167,10.830135753569355
KKI_0050789,0.3024013157894737,0.4933058394403516,151.9999999987286,10.451815090928058
KKI_0050790,0.3059210526315789,0.5034901012832796,151.9999999981688,10.823173227453909
KKI_0050791,0.3065725806451613,0.48894416368033816,123.99999999884207,10.741994480091495
KKI_0050792,0.2977016129032258,0.46558425299767947,123.99999999900177,10.439305231365127
KKI_0050793,0.29971774193548384,0.5027675575390462,123.99999999867963,10.337679501376881
KKI_0050794,0.29758064516129035,0.48025415407014543,123.99999999899221,10.442405149701331
KKI_0050795,0.30638157894736845,0.5010503416458574,151.9999999985813,10.5730774154448
KKI_0050796,0.3102302631578947,0.5135708292376394,151.99999999915198,9.918695978016727
KKI_0050797,0.31865131578947364,0.47541208550032776,151.9999999993548,11.113429625968227
KKI_0050798,0.3049342105263158,0.4937677722756334,151.99999999890005,9.304551875830523
KKI_0050799,0.30819078947368417,0.4972027568151433,151.99999999849348,10.74368837561157
KKI_0050800,0.2992763157894737,0.48463400294855236,151.9999999988777,10.552775693800504
KKI_0050801,0.30470394736842105,0.5047790559374224,151.99999999884875,10.417581009891567
KKI_0050802,0.3136184210526316,0.5084683339893153,151.99999999876488,10.809845385088733
KKI_0050803,0.3057236842105263,0.5090116138254901,151.9999999985344,10.656310634660844
KKI_0050804,0.31032894736842104,0.5061331389748434,151.99999999881516,10.483410650713582
KKI_0050805,0.29871710526315787,0.5011183903233087,151.9999999989877,10.149381409912923
KKI_0050806,0.29923913043478256,0.5183114826585272,137.99999999939627,9.699529892914592
KKI_0050807,0.3098355263157895,0.4848711882581862,151.99999999912717,10.528816000240035
KKI_0050808,0.2996052631578947,0.5021959580194841,151.99999999896022,10.056500612395899
KKI_0050809,0.29934210526315785,0.48257904581239247,151.99999999883698,10.18417724363804
KKI_0050810,0.2974342105263158,0.5174478332435137,151.99999999882297,9.460076332930335
KKI_0050811,0.30276315789473685,0.4960554738986269,151.9999999984741,10.647694436732504
KKI_0050812,0.31529605263157895,0.5034704078397096,151.99999999882863,10.82442443914956
KKI_0050813,0.3089144736842105,0.4968276162879326,151.99999999893276,10.350319187416414
KKI_0050814,0.3055263157894737,0.5081307853196814,151.9999999985902,9.847632580419237
KKI_0050815,0.304375,0.5086107667832723,151.99999999895596,10.261576943095124
KKI_0050816,0.3095564516129032,0.49303532691268726,123.99999999894557,10.813907090430607
KKI_0050817,0.2989516129032258,0.4886235449437265,123.99999999890814,10.6082262371934
KKI_0050818,0.3061184210526316,0.5037774693030069,151.99999999796484,10.696135738822559
KKI_0050819,0.30937499999999996,0.4957778329692159,151.9999999984371,10.645134726705018
KKI_0050820,0.30967105263157896,0.49614541779006754,151.99999999864445,10.750332904945854
KKI_0050821,0.309078947368421,0.4962602863380795,151.99999999893024,10.815102173382995
KKI_0050822,0.310296052631579,0.49123145155735415,151.99999999864784,10.151997464168915
KKI_0050823,0.3073355263157895,0.5101103346557581,151.99999999864477,10.666356575571408
KKI_0050824,0.3062828947368421,0.49784466067694694,151.99999999861865,10.744142954482797
KKI_0050825,0.3046710526315789,0.4820421804189112,151.99999999841026,10.640385450746448
KKI_0050826,0.29036184210526317,0.5357422330751236,151.99999999916577,9.638381535643322
Leuven_1_0050682,0.3092682926829268,0.5200124547168037,245.99999999834995,10.718877637494302
Leuven_1_0050683,0.3077439024390244,0.5056021790856853,245.99999999767724,10.810708445600817
Leuven_1_0050685,0.3025813008130081,0.50249064589124,245.99999999816217,10.590599115021403
Leuven_1_0050686,0.3125813008130081,0.5063903115996483,245.99999999822313,10.544592330698535
Leuven_1_0050687,0.30810975609756097,0.5088286790058612,245.99999999796134,10.75784550589934
Leuven_1_0050688,0.31335365853658537,0.5065178953722432,245.99999999766354,10.832197227264405
Leuven_1_0050689,0.30117886178861786,0.4886516793904873,245.99999999759396,10.67450116118423
Leuven_1_0050690,0.304369918699187,0.5143836154697032,245.99999999829018,10.511611409870056
Leuven_1_0050691,0.2991260162601626,0.5202491885610957,245.99999999740183,10.687030170923776
Leuven_1_0050692,0.30266260162601627,0.49741986806011995,245.99999999744014,10.899956278309915
Leuven_1_0050693,0.30882113821138213,0.5106768989323422,245.99999999793238,10.733822143820655
Leuven_1_0050694,0.3056097560975609,0.519064244468765,245.99999999765063,10.90362171941222
Leuven_1_0050695,0.3069715447154472,0.4952211574142514,245.9999999979244,11.067211610275768
Leuven_1_0050696,0.31130081300813006,0.5064438688906038,245.9999999977557,11.085626843169994
Leuven_1_0050697,0.3076626016260163,0.5089607554160014,245.9999999983955,10.394255762814081
Leuven_1_0050698,0.3077439024390244,0.5003742456834703,245.99999999746288,10.576740132230961
Leuven_1_0050699,0.30628048780487804,0.4719764994173991,245.99999999831343,10.083662975092283
Leuven_1_0050700,0.2936788617886179,0.5169264857542781,245.9999999989876,9.889678363490374
Leuven_1_0050701,0.30406504065040646,0.4987558312617341,245.99999999824823,10.424772288905292
Leuven_1_0050702,0.3038821138211382,0.49843065354054844,245.99999999796236,10.996749298093373
Leuven_1_0050703,0.3015650406504065,0.5121262333606164,245.9999999978199,10.873449038143795
Leuven_1_0050704,0.3083130081300813,0.5069158362650604,245.99999999765998,11.016908360090802
Leuven_1_0050705,0.3104878048780488,0.5024798217420148,245.99999999776978,10.670037252679409
Leuven_1_0050706,0.30518292682926834,0.5159751055537322,245.99999999738304,10.651919210051831
Leuven_1_0050707,0.3105691056910569,0.4997347531484458,245.99999999788955,11.140302647763363
Leuven_1_0050708,0.30345528455284554,0.49864926325396863,245.99999999695567,10.815420637984817
Leuven_1_0050709,0.3154065040650406,0.5189857350837033,245.99999999838678,11.181557472623735
Leuven_1_0050710,0.29869918699186987,0.5165478930482195,245.99999999747357,10.234605202541932
Leuven_1_0050711,0.30650406504065036,0.4900956317108653,245.9999999979842,10.997302406876479
Leuven_2_0050722,0.3134552845528455,0.5031183269521062,245.9999999978302,10.919627112320281
Leuven_2_0050723,0.29790650406504066,0.49851389819445197,245.99999999800824,9.89131283921604
Leuven_2_0050724,0.3025609756097561,0.4872361141058475,245.99999999745145,10.768482450510799
Leuven_2_0050725,0.30914634146341463,0.5251590437872377,245.9999999980828,10.761774750393078
Leuven_2_0050726,0.30489837398373987,0.5143787015055898,245.99999999785848,10.584846753362799
Leuven_2_0050727,0.29085365853658535,0.4695537429761821,231.23999999751496,1.500839334927815
Leuven_2_0050728,0.3116869918699187,0.49459831162377205,245.99999999808185,10.820782515720923
Leuven_2_0050730,0.30347560975609755,0.5007960439745177,245.99999999835293,9.440235301441694
Leuven_2_0050731,0.30103658536585365,0.5015129394979734,245.99999999752276,10.387238851267641
Leuven_2_0050732,0.3030081300813008,0.5189334220391569,245.99999999798808,10.63623507920165
Leuven_2_0050733,0.3041260162601626,0.49411387559210745,245.99999999761826,10.859119073135348
Leuven_2_0050734,0.3149593495934959,0.5089677576420406,245.99999999771887,10.967495724174178
Leuven_2_0050735,0.30955284552845524,0.4794652081341308,245.9999999976709,11.080292088721654
Leuven_2_0050736,0.30266260162601627,0.4935962626766768,243.53999999588893,9.03362298413873
Leuven_2_0050737,0.3078048780487805,0.4893140247390134,245.999999997896,10.590034187805422
Leuven_2_0050738,0.30626016260162603,0.4994329729430238,245.9999999979267,10.300327845406478
Leuven_2_0050739,0.2992886178861789,0.49441199884203857,245.9999999983963,9.912028186437162
Leuven_2_0050740,0.30160569105691054,0.5204759020868999,245.9999999977853,10.873011472888939
Leuven_2_0050741,0.30922764227642274,0.5069464242639544,245.99999999741246,11.021386235017271
Leuven_2_0050742,0.3104674796747967,0.5256837930551016,245.9999999978461,11.0451370435487
Leuven_2_0050743,0.2997764227642276,0.5135716285872194,245.99999999790296,10.879559268488515
Leuven_2_0050744,0.30266260162601627,0.47550425702567833,245.99999999851644,10.710216332342865
Leuven_2_0050745,0.3050813008130081,0.5071390380008554,245.99999999801722,10.762159503152743
Leuven_2_0050746,0.3105487804878049,0.5082299796906294,245.99999999801395,11.031134416133423
Leuven_2_0050747,0.2970528455284553,0.49536778768771866,245.99999999855498,9.912371353475521
Leuven_2_0050748,0.3048780487804878,0.4929414827779041,245.9999999974447,10.041953914031556
Leuven_2_0050749,0.29939024390243896,0.48823545607920704,245.99999999700222,10.511379521726397
Leuven_2_0050750,0.3084349593495935,0.506059220578275,245.99999999836953,10.594287857327199
Leuven_2_0050751,0.317520325203252,0.49619958095865224,245.99999999811075,11.005978107939839
Leuven_2_0050752,0.3038617886178862,0.48168057664509006,245.9999999975213,10.889614762916025
Leuven_2_0050753,0.3178455284552845,0.5029742312727943,245.99999999762224,11.253127309474873
Leuven_2_0050754,0.3102235772357723,0.49640305799533946,245.99999999728186,11.084915385269856
Leuven_2_0050755,0.3003252032520325,0.5086071799407139,245.9999999978611,10.467120561962465
Leuven_2_0050756,0.30117886178861786,0.5198108458407501,245.99999999809873,9.693977473774646
Leuven_2_0050757,0.3032520325203252,0.5085314624134388,245.99999999767198,10.59952112259999
MaxMun_a_0051318,0.3034051724137931,0.4961007601585817,115.99999999876891,10.675284518793712
MaxMun_a_0051319,0.3087068965517241,0.5079719812736451,115.99999999834368,10.778960207931268
MaxMun_a_0051320,0.3065086206896552,0.5065061305074796,115.99999999846048,10.724842855383063
MaxMun_a_0051321,0.30314655172413785,0.4982081166158785,115.99999999856354,10.535723936107852
MaxMun_a_0051362,0.30896551724137933,0.5044615499717878,115.99999999839369,10.911728335658486
MaxMun_a_0051363,0.30245689655172414,0.511216687337953,115.99999999855216,10.473304663669865
MaxMun_a_0051364,0.30956896551724133,0.4803280212181306,115.9999999988923,10.572357813217334
MaxMun_a_0051365,0.3065948275862069,0.49634607790566454,115.99999999891061,10.766690813474975
MaxMun_a_0051366,0.3109913793103448,0.49346779441784194,115.99999999862673,10.695359310309941
MaxMun_a_0051367,0.3078448275862069,0.4989553928863623,115.9999999985327,10.60491425259653
MaxMun_a_0051368,0.3091810344827586,0.5056436210995284,115.99999999861102,10.706899497692882
MaxMun_a_0051369,0.3113362068965517,0.505305558324936,115.99999999851465,11.120834157662566
MaxMun_a_0051370,0.30625,0.5041708729504065,115.99999999821685,10.590507344263688
MaxMun_a_0051371,0.30262931034482754,0.5111042996416351,115.99999999883126,10.698741316012212
MaxMun_a_0051372,0.29780172413793105,0.4986629768153271,115.99999999838933,10.535473696741969
MaxMun_a_0051373,0.30875,0.49988750768604484,115.99999999832224,10.865845021250664
MaxMun_a_0051606,0.2969396551724138,0.49725953844717163,115.99999999826854,10.498910531656064
MaxMun_a_0051607,0.3076724137931034,0.5114949576968212,115.99999999880163,10.80396739288829
MaxMun_b_0051322,0.3065086206896551,0.5149943773894264,115.99999999877645,10.67033570168569
MaxMun_b_0051323,0.3028879310344827,0.5028591655922852,115.99999999838188,10.635625571728822
MaxMun_b_0051324,0.30866379310344827,0.49454433722411123,115.99999999877015,10.844312277026747
MaxMun_b_0051325,0.3066379310344828,0.5091498689225622,115.99999999822643,10.547781513526834
MaxMun_b_0051326,0.30504310344827584,0.5072013902867016,115.99999999881992,10.538550937128873
MaxMun_b_0051327,0.30866379310344827,0.5128655819839882,115.9999999986538,10.651762599485973
MaxMun_c_0051328,0.29931034482758617,0.493341664489499,115.99999999876614,10.385448367344985
MaxMun_c_0051332,0.3084913793103448,0.5141275163066725,115.99999999896325,10.813211745019203
MaxMun_c_0051333,0.3047844827586207,0.49296515039676353,115.99999999909181,10.953434350781517
MaxMun_c_0051334,0.3017241379310345,0.5035921664969174,115.999999998986,10.830205613443498
MaxMun_c_0051335,0.3088362068965517,0.4875774819782276,115.99999999887022,10.828544767855401
MaxMun_c_0051336,0.30862068965517236,0.47809355990389435,115.99999999927157,10.822834628768819
MaxMun_c_0051338,0.30275862068965514,0.5174105652834052,115.99999999899951,10.630061894180368
MaxMun_c_0051339,0.30452586206896554,0.5021773474122743,115.99999999842372,10.641417152207762
MaxMun_c_0051340,0.3027155172413793,0.4956271566620882,115.99999999864393,10.68611813774834
MaxMun_c_0051341,0.30275862068965514,0.4717083350144689,115.99999999921245,10.541117029273236
MaxMun_c_0051342,0.3115948275862069,0.500980376372909,115.99999999870596,10.802686667484647
MaxMun_c_0051343,0.30129310344827587,0.5072047967030975,115.99999999894263,10.755287509790492
MaxMun_c_0051344,0.30724137931034484,0.48893597729544824,115.99999999901324,10.694468689433034
MaxMun_c_0051345,0.2989224137931034,0.48293706781282497,115.99999999868375,10.461878105831397
MaxMun_c_0051346,0.30780172413793105,0.5032754260154619,115.99999999883563,10.275986640806682
MaxMun_c_0051347,0.3073706896551724,0.5120393631671246,115.9999999991007,10.677168689062862
MaxMun_c_0051348,0.30568965517241375,0.4970479511508897,115.99999999906417,10.65204129195479
MaxMun_d_0051329,0.30645408163265303,0.5133941121946337,195.9999999985534,10.633078583231923
MaxMun_d_0051330,0.31625,0.48113751226768015,195.9999999984485,9.939966379528398
MaxMun_d_0051331,0.3065306122448979,0.5106332231771841,195.99999999860253,10.171079908479982
MaxMun_d_0051349,0.3026530612244897,0.4990776344069436,195.9999999985798,10.318162313559576
MaxMun_d_0051350,0.3081632653061224,0.5032145364721116,195.99999999900626,10.250667395651574
MaxMun_d_0051351,0.30874999999999997,0.489766424434721,195.99999999851258,10.412475108951543
MaxMun_d_0051352,0.2859183673469387,0.5191201676464372,195.99999999909008,8.504012139038847
MaxMun_d_0051353,0.290969387755102,0.492357580845808,195.99999999912725,8.616585308171345
MaxMun_d_0051354,0.2962755102040816,0.4832945327450796,195.9999999990272,8.904917185102294
MaxMun_d_0051355,0.3092857142857142,0.4973901310956975,195.9999999987409,10.123920081328599
MaxMun_d_0051356,0.3031122448979591,0.5022685020147274,195.9999999984044,10.577153409471068
MaxMun_d_0051357,0.30915816326530604,0.5069847807830101,195.9999999984441,10.613814361285288
MaxMun_d_0051358,0.3005612244897959,0.5077497447446189,195.99999999906905,9.66123063210539
MaxMun_d_0051359,0.3091071428571428,0.5044692316041607,195.99999999929955,10.061146215663673
MaxMun_d_0051360,0.29660714285714285,0.5119239480702896,195.999999998608,9.294180569512424
MaxMun_d_0051361,0.31436224489795916,0.5225773735612269,195.99999999881177,10.37091893642311
NYU_0050952,0.30446022727272726,0.46045666459296997,175.99999999898446,9.81581578539415
NYU_0050953,0.3086647727272727,0.5091176372502259,175.99999999859006,11.04510606520108
NYU_0050954,0.3080681818181818,0.49503042033952704,175.9999999982226,10.844227464506671
NYU_0050955,0.3069034090909091,0.5000833037754084,175.99999999846435,10.82139133318821
NYU_0050956,0.30485795454545456,0.5013055689587287,175.99999999835305,10.704489039951687
NYU_0050957,0.3089488636363636,0.5126107086721884,175.99999999860728,10.78203531231858
NYU_0050958,0.30880681818181815,0.4922257803760135,175.9999999987935,10.65313354804431
NYU_0050959,0.3034375,0.49294958861599925,175.9999999986589,10.868317312296021
NYU_0050960,0.3134375,0.48385865031261743,175.99999999809924,10.940016406850091
NYU_0050961,0.31085227272727267,0.5014787177094414,175.99999999827654,10.716240159074445
NYU_0050962,0.3160227272727273,0.4878500785041815,175.99999999852946,10.24096061040762
NYU_0050964,0.3018181818181818,0.46492622216579915,175.99999999856846,9.868458726437707
NYU_0050965,0.3036931818181818,0.47763545406300495,175.99999999850198,10.6091758385949
NYU_0050966,0.3133522727272727,0.5007755638391806,175.99999999849905,11.238364279710895
NYU_0050967,0.3030113636363636,0.4809116825644834,175.9999999984711,10.721203249815808
NYU_0050968,0.3103693181818182,0.48108103990484624,175.99999999848617,11.051809534168246
NYU_0050969,0.3,0.48761401614855715,175.99999999870604,10.725731627812168
NYU_0050970,0.30664772727272727,0.49871735632282854,175.99999999827622,10.67615688700384
NYU_0050971,0.30105113636363634,0.500006549364559,175.99999999847196,10.81698038409269
NYU_0050972,0.3042613636363636,0.5144256392460946,175.999999997469,10.829504062707056
NYU_0050973,0.3088920454545454,0.5089392591705206,175.99999999830106,11.004136202600659
NYU_0050974,0.3090056818181818,0.47858701782503305,175.9999999984036,10.840629309972387
NYU_0050975,0.32286931818181813,0.5039240048882445,175.9999999988432,11.188579242442831
NYU_0050976,0.30818181818181817,0.4952272332010616,175.99999999857602,11.06520606224497
NYU_0050977,0.30974431818181813,0.49321816497459414,175.99999999836314,10.904441855268006
NYU_0050978,0.3117897727272727,0.49482904881787576,175.99999999816558,10.92015051571176
NYU_0050979,0.30982954545454544,0.5038982882931748,175.99999999877764,10.734170805075905
NYU_0050980,0.3083806818181818,0.5157723366681332,175.9999999988618,10.380721732752203
NYU_0050981,0.30375,0.4829795869639229,175.99999999865983,10.811750482686682
NYU_0050982,0.3093181818181818,0.483992644216601,175.9999999984893,10.756308309526396
NYU_0050983,0.30735795454545456,0.4892863887929086,175.99999999867748,10.730299764576552
NYU_0050984,0.3007670454545454,0.4863239042169933,175.99999999906183,10.43752782407347
NYU_0050985,0.30380681818181815,0.4997275389731075,175.999999998489,10.750994005523191
NYU_0050986,0.30860795454545453,0.49752403390113337,175.99999999838903,11.006665194844873
NYU_0050987,0.3060795454545454,0.4958046043317382,175.99999999831007,10.79569330638717
NYU_0050988,0.30892045454545447,0.5115520590880798,175.99999999822325,10.977300494052711
NYU_0050989,0.3064772727272727,0.49749139240680323,175.99999999833858,10.841738004644357
NYU_0050990,0.3083806818181818,0.4912512780850431,175.99999999827776,10.562055369362483
NYU_0050991,0.3080681818181818,0.5041186387777321,175.99999999804277,10.815205246529185
NYU_0050992,0.3079829545454545,0.4862223336538403,175.99999999863203,10.851307107370204
NYU_0050993,0.3009659090909091,0.49059085483378284,175.99999999863337,10.725221681588556
NYU_0050994,0.3048295454545455,0.49020690388515803,175.99999999781002,10.947629043956812
NYU_0050995,0.3071875,0.489704839534965,175.9999999984409,10.945478610155558
NYU_0050996,0.29752840909090905,0.4836048485242372,175.99999999866654,10.576582582867486
NYU_0050997,0.30187499999999995,0.4935300267002491,175.99999999878818,10.514956732160009
NYU_0050998,0.30414772727272726,0.4954616198297753,175.99999999858778,10.793875230585549
NYU_0050999,0.30196022727272726,0.4968051990562259,175.99999999855362,10.552174055464588
NYU_0051000,0.3053977272727273,0.5181507519357351,175.99999999866304,10.877483006866205
NYU_0051001,0.3061931818181818,0.4979428267136066,175.99999999842424,10.747304427921824
NYU_0051002,0.306875,0.4718894951572864,175.99999999905228,10.739116517364918
NYU_0051003,0.3075,0.5061833199904932,175.999999998142,10.931873494726874
NYU_0051006,0.30553977272727273,0.5033061017427007,175.99999999827023,10.844590463311778
NYU_0051007,0.30798295454545455,0.4903983682728185,175.99999999842217,11.017989579556133
NYU_0051008,0.3035227272727273,0.5197837756602192,175.99999999886901,10.779427936382033
NYU_0051009,0.30815340909090905,0.4865707004850395,175.99999999852048,10.775338567616206
NYU_0051010,0.31079545454545454,0.4936398451705767,175.99999999867643,11.053394053126167
NYU_0051011,0.2993181818181818,0.49947518089149023,175.99999999852454,10.619389068420423
NYU_0051012,0.29701704545454544,0.48905634227686434,175.99999999868888,10.74798365912814
NYU_0051013,0.3110795454545454,0.5063433024317442,175.99999999848956,10.980101057300807
NYU_0051014,0.30823863636363635,0.48473088953805915,175.9999999986564,10.949251309592027
NYU_0051015,0.3088352272727273,0.5022676204429576,175.99999999795008,10.902969728039244
NYU_0051016,0.3089772727272727,0.5069633010014034,175.99999999840512,11.066891727500726
NYU_0051017,0.2996590909090909,0.48186679276314337,175.99999999822728,10.795946665981532
NYU_0051018,0.2980397727272727,0.5025094173591992,175.999999998349,10.762837786300993
NYU_0051019,0.3022159090909091,0.4979378184661648,175.9999999984524,10.742446054315774
NYU_0051020,0.3061647727272727,0.500556920268822,175.99999999818618,10.952583920280626
NYU_0051021,0.3063636363636364,0.5042040517482858,175.9999999985847,10.608886915530492
NYU_0051023,0.3099431818181818,0.48848128106053584,175.9999999982441,10.856905924787279
NYU_0051024,0.3040625,0.4964528723594471,175.99999999817265,10.851560544306372
NYU_0051025,0.3048011363636363,0.5108620814444942,175.99999999846725,11.020313654166868
NYU_0051026,0.30522727272727274,0.48849717048956853,175.99999999833526,10.876431131690167
NYU_0051027,0.30630681818181815,0.49974261871378434,175.99999999833844,10.885685069202081
NYU_0051028,0.31053977272727273,0.49900242205164574,175.9999999983315,10.979486258034157
NYU_0051029,0.30999999999999994,0.5034651173490587,175.99999999852815,10.934957242951882
NYU_0051030,0.30920454545454545,0.49625794517363986,175.99999999896673,10.807250671418695
NYU_0051032,0.30684659090909094,0.47970568755690934,175.9999999983659,10.968244207712441
NYU_0051033,0.3077272727272727,0.5037963410021896,175.99999999865742,10.806635089040732
NYU_0051034,0.3028977272727273,0.510845088293035,175.99999999864158,10.51136683904197
NYU_0051035,0.30389204545454546,0.49510953618900233,175.99999999892788,10.642354157446267
NYU_0051036,0.3068465909090909,0.5105602872779642,175.99999999818272,10.347681090663322
NYU_0051038,0.30815340909090905,0.5061759413381111,175.9999999981858,10.747328665819715
NYU_0051039,0.3128693181818182,0.4896010582786285,175.99999999878514,11.003109339178648
NYU_0051040,0.30622159090909085,0.49635938131127344,175.99999999840458,11.079842388596425
NYU_0051041,0.3053693181818181,0.4984648441175563,175.99999999829083,10.81822488610282
NYU_0051042,0.30599431818181816,0.5012251628386412,175.9999999985553,10.795810680013382
NYU_0051044,0.3040340909090909,0.49641860360051465,175.99999999821776,10.719280784634766
NYU_0051045,0.3096022727272727,0.5006862758363684,175.99999999862507,10.813359095162081
NYU_0051046,0.30284090909090905,0.49923041182779637,175.99999999787607,10.837816313076255
NYU_0051047,0.3084090909090909,0.5002176253575853,175.99999999818093,10.903656014529302
NYU_0051048,0.31002840909090906,0.5051653976882625,175.99999999832085,10.864288020921368
NYU_0051049,0.3090340909090909,0.5166953149937402,175.99999999828538,10.695375956649114
NYU_0051050,0.30934659090909095,0.49594125635152525,175.9999999976812,10.894839325313074
NYU_0051051,0.3046590909090909,0.508058903682389,175.9999999982589,10.846568161399645
NYU_0051052,0.3053693181818182,0.47492851696902244,175.99999999848617,10.787047413162863
NYU_0051053,0.30630681818181815,0.48228557198717803,175.99999999831942,10.820615458101715
NYU_0051054,0.30914772727272727,0.487661234950538,175.99999999862317,10.87515396234297
NYU_0051055,0.3047159090909091,0.5115377228380631,175.99999999832272,10.810405202069227
NYU_0051056,0.3055113636363636,0.4972451606616661,175.99999999856036,11.048237478677924
NYU_0051057,0.31196022727272726,0.49728112071444547,175.999999998289,10.929593342048607
NYU_0051058,0.3040909090909091,0.5047540242955795,175.99999999690888,10.64666711577659
NYU_0051059,0.30315340909090904,0.5103442793649365,175.99999999819687,11.034372255038187
NYU_0051060,0.2989488636363636,0.5139217518136414,175.9999999986391,10.953230705843357
NYU_0051061,0.3039488636363636,0.49592537442335494,175.99999999821756,10.947040178220732
NYU_0051062,0.3076988636363636,0.4989094641984909,175.1199999980883,10.14843866086934
NYU_0051063,0.3025,0.4897775894991428,175.99999999842453,10.888347686310516
NYU_0051064,0.3061647727272727,0.5275534283147941,175.99999999896528,10.980280873102776
NYU_0051065,0.30823863636363635,0.5005855573845994,175.9999999983207,11.063146261689399
NYU_0051066,0.3084375,0.49243521629571446,175.99999999847984,11.038532981986991
NYU_0051067,0.3121590909090909,0.5181888253866859,175.99999999833014,10.601841907780262
NYU_0051068,0.3139488636363636,0.4895230284804954,175.99999999820932,10.891498346733535
NYU_0051069,0.3098863636363636,0.5026423650720431,175.999999998323,10.712497330206338
NYU_0051070,0.3008522727272727,0.4879224329465178,175.9999999984366,10.74662016835549
NYU_0051071,0.3064488636363636,0.4827591738255894,175.99999999817382,10.979680538325418
NYU_0051072,0.3083522727272727,0.49906489658049624,175.99999999810382,10.804641411482839
NYU_0051073,0.30747159090909093,0.4964531744751644,175.99999999839574,10.646029838037258
NYU_0051074,0.3057102272727273,0.49592487763305315,175.99999999818044,10.98998714248038
NYU_0051075,0.29511363636363636,0.521068957944038,175.99999999880617,10.460775800576391
NYU_0051076,0.3008522727272727,0.5079956178077347,175.99999999851087,10.739717618665736
NYU_0051077,0.30201704545454544,0.514564838701311,175.9999999989034,10.085536934446349
NYU_0051078,0.30480113636363637,0.5055414876245077,175.99999999851372,10.51815440492228
NYU_0051079,0.3,0.498995811851245,175.99999999858537,10.813010310483563
NYU_0051080,0.30517045454545455,0.4945598190928544,175.9999999985399,10.890896015154226
NYU_0051081,0.30522727272727274,0.49718891514753494,175.99999999829492,10.855524118864304
NYU_0051082,0.3108238636363636,0.4846619042093303,175.9999999987376,10.946484023082881
NYU_0051083,0.3033806818181818,0.5091692399605714,175.99999999861714,10.704979279309095
NYU_0051084,0.31110795454545453,0.48418552270339515,175.99999999885608,10.898225465978049
NYU_0051085,0.31068181818181817,0.49219266365541303,175.99999999863252,11.171804690196858
NYU_0051086,0.31684659090909084,0.5016641723855979,175.9999999985652,10.995013387117064
NYU_0051087,0.30534090909090905,0.48511849833253456,175.99999999850604,10.883513859316007
NYU_0051088,0.31125,0.5002856288289709,175.99999999838965,10.915711249208643
NYU_0051089,0.30767045454545455,0.5077920813390591,175.99999999853665,10.903778894216867
NYU_0051090,0.3073579545454545,0.4849968769651429,175.999999998313,10.737809418732217
NYU_0051091,0.3030113636363636,0.5111874381665236,175.99999999860486,10.692921003112993
NYU_0051093,0.3040909090909091,0.49826977163066927,175.99999999857727,10.758360619298164
NYU_0051094,0.3066761363636364,0.4978248913259995,175.99999999856402,10.672253354689119
NYU_0051095,0.3068181818181818,0.49437781955258986,175.99999999836646,10.573117532186426
NYU_0051096,0.3021875,0.5108756065424715,175.99999999823393,10.563366318758272
NYU_0051097,0.3058238636363636,0.5010988814877304,175.99999999873683,10.902679774302541
NYU_0051098,0.3036931818181818,0.503615101206155,175.99999999857212,10.859951898357842
NYU_0051099,0.3056818181818181,0.499231582134321,175.99999999844152,10.751688031154425
NYU_0051100,0.30869318181818184,0.4924842638468297,175.99999999864318,10.27206759289536
NYU_0051101,0.30315340909090904,0.4978157504713097,175.99999999843018,10.683670142727236
NYU_0051102,0.31360795454545454,0.5054802555727046,175.9999999987149,11.170123328879665
NYU_0051103,0.30772727272727274,0.5071508323358216,175.9999999984904,10.911202000346066
NYU_0051104,0.3069886363636364,0.5084863681969467,175.99999999831937,10.649128014003088
NYU_0051105,0.3130681818181818,0.4933512859410081,175.99999999831627,10.817519449755123
NYU_0051106,0.30823863636363635,0.49259690341062506,175.9999999982451,10.778508434653272
NYU_0051107,0.30624999999999997,0.4820411421833144,175.9999999983927,10.80642466843751
NYU_0051108,0.31079545454545454,0.5108572954507689,175.99999999861924,10.943123123754697
NYU_0051109,0.29943181818181813,0.5054459494671939,175.9999999985234,10.824438833106694
NYU_0051110,0.31258522727272725,0.49511687785097747,175.9999999984041,10.777016061900467
NYU_0051111,0.3058806818181818,0.5042974210760613,175.9999999986423,10.780653962738848
NYU_0051112,0.30610795454545453,0.4883894813149108,175.99999999851718,10.710621143797894
NYU_0051113,0.3109090909090909,0.4878868344469971,175.99999999829225,10.863590323749888
NYU_0051114,0.3090625,0.5001424611128529,175.999999998229,10.980197140431967
NYU_0051115,0.3073011363636364,0.49511780665430644,175.99999999837257,10.833136854574208
NYU_0051116,0.3063352272727273,0.49877672917467225,175.99999999832474,10.861979504873204
NYU_0051117,0.30105113636363634,0.49601141661517745,175.99999999824288,10.477418877565738
NYU_0051118,0.30298295454545454,0.501381416003924,175.1199999949384,10.128136464092057
NYU_0051119,0.3003977272727273,0.507409061360199,175.99999999830746,10.910502918703573
NYU_0051120,0.3030113636363636,0.5084658682887432,175.99999999849118,10.61492600305636
NYU_0051121,0.30428977272727276,0.5025010988624539,175.99999999851727,10.87400174396167
NYU_0051122,0.30920454545454545,0.5004985183310183,175.99999999877846,10.844089273420236
NYU_0051123,0.30380681818181815,0.490994043114102,175.99999999842984,10.866537958203878
NYU_0051124,0.3061931818181818,0.5029492184103517,175.99999999841526,10.821388874890165
NYU_0051125,0.3095454545454545,0.5000032178994724,175.99999999843806,10.8049834922016
NYU_0051126,0.3048863636363636,0.5083753795161594,175.99999999864997,10.80757718245642
NYU_0051127,0.2899715909090909,0.49476737986482083,175.99999999886575,10.288048425087345
NYU_0051128,0.3064488636363636,0.4964292401941741,175.9999999983229,10.751149269016125
NYU_0051129,0.30073863636363635,0.5152270987560048,175.9999999984084,10.849894714213747
NYU_0051130,0.30911931818181815,0.49393372121104334,175.99999999867686,10.92951436792921
NYU_0051131,0.29761363636363636,0.4977623404371982,175.9999999987505,10.785714125091994
NYU_0051146,0.30815340909090905,0.5016574565369635,175.99999999822438,10.829276442010725
NYU_0051147,0.31042613636363636,0.49644877984619334,175.99999999872597,11.067948919268854
NYU_0051148,0.30735795454545456,0.5027738269061252,175.99999999854154,10.826966801701971
NYU_0051149,0.31184659090909084,0.5038874628878528,175.99999999840816,10.879610259393171
NYU_0051150,0.3061363636363636,0.5149023151683702,175.9999999985124,10.780765077531155
NYU_0051151,0.30491477272727274,0.5063222668549291,175.99999999844565,10.052374058304064
NYU_0051152,0.3045454545454545,0.5175404321650359,175.99999999852258,10.501530355412722
NYU_0051153,0.31309659090909087,0.5015410686375643,175.9999999984254,11.095109930410048
NYU_0051154,0.3112215909090909,0.49156181093576606,175.99999999835507,10.833534852187167
NYU_0051155,0.3071306818181818,0.49521911615699127,175.99999999808526,10.820011165308811
NYU_0051156,0.3092613636363636,0.4922040524684783,175.99999999845656,10.965113914841925
NYU_0051159,0.3051988636363636,0.49962965912138896,175.99999999884233,10.820596955052183
OHSU_0050142,0.30782051282051276,0.516802185446477,77.9999999986652,10.755292484841329
OHSU_0050143,0.3021153846153846,0.5084456168646091,77.99999999896838,10.640304708102398
OHSU_0050144,0.32166666666666666,0.496442954847966,77.9999999989135,10.731892033799083
OHSU_0050145,0.2944230769230769,0.5327068643294678,77.99999999903488,10.510135322069468
OHSU_0050146,0.30608974358974356,0.49197056122682964,77.99999999888206,10.598335247854225
OHSU_0050147,0.3055769230769231,0.49597121860807064,77.99999999894864,10.765182031585473
OHSU_0050148,0.31237179487179484,0.5018230216789967,77.99999999910303,10.714678234145254
OHSU_0050149,0.3025,0.48733955576647014,77.99999999899222,10.457452267204344
OHSU_0050150,0.30974358974358973,0.5064835290353541,77.99999999869041,10.529249733386223
OHSU_0050152,0.3077564102564102,0.47448507276241975,77.99999999902938,10.583336511999134
OHSU_0050153,0.3130769230769231,0.5130800085841218,77.9999999989731,10.736826537931552
OHSU_0050155,0.3015384615384615,0.45286304990342635,77.99999999929071,9.951924661607793
OHSU_0050156,0.29826923076923073,0.4974374668937417,77.99999999884506,10.485151167230292
OHSU_0050157,0.29378205128205126,0.4826653638529495,77.99999999888072,10.316356636954433
OHSU_0050158,0.3176282051282051,0.48420351596843486,77.99999999890287,10.61952016602114
OHSU_0050159,0.308974358974359,0.48870294276698417,77.9999999989591,10.448888601593472
OHSU_0050160,0.2958974358974359,0.48359513305078056,77.99999999876307,10.540339147525867
OHSU_0050161,0.3114102564102563,0.4918052778228377,77.99999999921367,10.61651200832701
OHSU_0050162,0.31192307692307686,0.4792719836367702,77.99999999926739,10.637551646764352
OHSU_0050163,0.2767307692307692,0.447412828761585,77.99999999888767,9.952259782830703
OHSU_0050164,0.29217948717948716,0.4996553137449907,77.99999999926615,10.40595766393326
OHSU_0050165,0.30564102564102563,0.4995233631852176,77.99999999878429,10.566659792771611
OHSU_0050166,0.30596153846153845,0.5050831656966465,77.99999999858314,10.656495270763497
OHSU_0050167,0.3099358974358974,0.5114691786319302,77.9999999989714,10.735240885881039
OHSU_0050168,0.3046794871794872,0.5037304733367227,77.99999999892734,10.495396694620421
OHSU_0050169,0.3013461538461538,0.47600738202195425,77.99999999908304,10.48940461053104
OHSU_0050170,0.32294871794871793,0.4944718973481045,77.99999999908934,10.943120982490145
OHSU_0050171,0.30788461538461537,0.5058715975362612,77.99999999882353,10.640121958750413
Olin_0050102,0.30669902912621355,0.49244326905441405,205.99999999832676,9.515489478576578
Olin_0050103,0.31058252427184463,0.4970765873205967,205.99999999881476,10.592512856515524
Olin_0050104,0.30769417475728156,0.4970989912808801,205.99999999763952,11.018624316276478
Olin_0050105,0.3091019417475728,0.5059656156621716,205.9999999982049,10.965162465419498
Olin_0050106,0.290752427184466,0.5463510452805537,205.99999999869192,9.807214609773538
Olin_0050107,0.30300970873786404,0.4994810133502078,205.9999999977517,11.063645359328397
Olin_0050108,0.3027427184466019,0.4985665653341032,205.99999999802267,10.435972881420817
Olin_0050109,0.31538834951456307,0.5196057127606235,205.99999999879267,10.718391526013
Olin_0050110,0.2993932038834951,0.5032753220740392,205.9999999982665,10.685870244678505
Olin_0050111,0.3063349514563107,0.5178155722949682,205.9999999980993,10.92890384249074
Olin_0050112,0.30012135922330097,0.5060918139511511,205.99999999854597,10.848391776690578
Olin_0050113,0.30844660194174756,0.49728914919906486,205.99999999798703,11.187348870285943
Olin_0050114,0.3076941747572815,0.5002074206212157,205.99999999796287,10.862097143704354
Olin_0050115,0.30837378640776697,0.5033643310046118,205.9999999982239,11.29622687751395
Olin_0050116,0.3033495145631068,0.5050330208724573,205.99999999833636,10.886499157426897
Olin_0050117,0.31167475728155336,0.5111689148713597,205.99999999815498,10.780802473051047
Olin_0050118,0.30665048543689316,0.5052822681145959,205.99999999815634,10.892982566264731
Olin_0050119,0.28713592233009705,0.49854276620536736,205.99999999811266,9.080848176189177
Olin_0050120,0.30543689320388345,0.49747648668751365,205.9999999985512,10.747558973883393
Olin_0050121,0.30711165048543687,0.5022478517582007,205.99999999841623,11.006078499324126
Olin_0050122,0.3063592233009709,0.5118885657052374,205.99999999809188,10.554740817933684
Olin_0050123,0.29310679611650486,0.5048937525950195,205.9999999993044,10.2567869025476
Olin_0050124,0.3032038834951456,0.5081208109077643,205.9999999984794,10.628683397902924
Olin_0050125,0.3044174757281553,0.4914277979276987,205.99999999733015,10.997093345189928
Olin_0050126,0.3043446601941747,0.5011362033221587,205.99999999836143,10.750804970687582
Olin_0050127,0.2932281553398058,0.4980771399582504,205.99999999852653,10.796911625884832
Olin_0050128,0.30592233009708736,0.4893209445259364,205.9999999981249,11.01916228289968
Olin_0050129,0.3070145631067961,0.5078504571670343,205.99999999842322,10.772295641994834
Olin_0050130,0.3089563106796116,0.49874514001982867,205.99999999782332,11.472785527587995
Olin_0050131,0.3075970873786407,0.49278152592082025,205.9999999977043,11.04415351640825
Olin_0050132,0.3069174757281553,0.49915171106063794,205.99999999771683,11.0915132378079
Olin_0050133,0.3109708737864077,0.5147566120911261,205.99999999846594,10.970081466709459
Olin_0050134,0.32373786407766986,0.4858372403026607,205.99999999824868,11.280764591051886
Olin_0050135,0.31097087378640775,0.49459096251466406,205.9999999986932,10.922689322465198
Olin_0050136,0.3030339805825243,0.47822100033872234,205.99999999836473,10.773250731978967
Olin_0050137,0.3004611650485437,0.49760075128804915,205.99999999793917,10.575886054160296
Pitt_0050002,0.30558673469387754,0.5014040684626466,195.99999999800366,10.952314414398765
Pitt_0050003,0.3070153061224489,0.4976687847764417,195.99999999861524,11.139570223869969
Pitt_0050004,0.300484693877551,0.4823207191934104,195.99999999746484,10.787041917212079
Pitt_0050005,0.29765306122448976,0.5029541682453752,195.99999999809347,9.785098960673043
Pitt_0050006,0.3075765306122448,0.5114682363789347,195.999999997788,10.909310861150903
Pitt_0050007,0.3118112244897959,0.5043162873701341,195.99999999856362,10.625637801860739
Pitt_0050008,0.3170663265306122,0.472462031944667,195.99999999799522,11.510788401437294
Pitt_0050009,0.2997959183673469,0.5014339769170743,195.9999999979569,9.963013642461632
Pitt_0050010,0.30249999999999994,0.492120346766211,195.99999999682518,11.083159437392162
Pitt_0050011,0.3054081632653061,0.49121984340926417,195.9999999964628,10.873630810107677
Pitt_0050012,0.31109693877551015,0.5105976248697699,195.99999999800923,10.697844406735987
Pitt_0050013,0.2992091836734694,0.4904879526541794,195.99999999850138,9.744091491096494
Pitt_0050014,0.30374999999999996,0.49293778198775934,195.99999999777697,10.924887195786264
Pitt_0050015,0.30806122448979584,0.4867170965457138,195.99999999770205,11.034132208669446
Pitt_0050016,0.31395408163265304,0.4979879951199449,195.9999999975881,11.332321130066903
Pitt_0050017,0.29966836734693875,0.4894461610902787,195.99999999843246,11.407571833644784
Pitt_0050019,0.3013010204081632,0.5056188642852164,195.99999999798095,10.91158201038336
Pitt_0050020,0.3063265306122449,0.5041099272913206,195.99999999811487,10.603639437892014
Pitt_0050022,0.30826530612244896,0.5159263682772882,195.9999999979617,11.40551593577974
Pitt_0050023,0.3095918367346938,0.4968547186693557,195.99999999830405,10.624130073285905
Pitt_0050024,0.30836734693877543,0.49388455463993197,195.99999999693063,11.14353626210131
Pitt_0050025,0.30806122448979584,0.4989266967603173,195.99999999772527,10.767356345042773
Pitt_0050026,0.30168367346938774,0.4758124390518341,195.99999999858315,11.153439821664147
Pitt_0050027,0.3071428571428571,0.5102432404838616,195.99999999774957,10.937988360264088
Pitt_0050028,0.30132653061224485,0.5024174094422095,195.9999999984518,11.361445009470431
Pitt_0050029,0.3088520408163265,0.5085607901867998,195.9999999978494,10.881764837684454
Pitt_0050030,0.2999489795918367,0.4888072748031222,195.99999999748093,10.82340760320799
Pitt_0050031,0.3056632653061224,0.485553404804095,195.999999998205,11.026037102508798
Pitt_0050032,0.2894642857142857,0.5173995902443768,195.99999999769543,10.529254835189377
Pitt_0050033,0.3020663265306122,0.5160923286733801,195.9999999983549,10.863653058836128
Pitt_0050034,0.30640306122448974,0.4985827911386116,195.99999999815685,10.898469545268272
Pitt_0050035,0.29673469387755097,0.4818863551330339,195.99999999841998,10.9373366103416
Pitt_0050036,0.3057397959183673,0.5085836831858485,195.99999999756008,11.094276877889989
Pitt_0050037,0.3083928571428571,0.5139943371275386,195.99999999760644,11.056275263225343
Pitt_0050038,0.3025255102040816,0.4800670022561509,195.99999999772365,10.603657940970276
Pitt_0050039,0.3221173469387755,0.4908454166618034,195.99999999901718,11.14165906228661
Pitt_0050040,0.30502551020408164,0.5137731446637566,195.99999999746652,11.010437404664401
Pitt_0050041,0.297015306122449,0.4817358776676,195.99999999715925,10.679317038515137
Pitt_0050042,0.3009183673469387,0.5277600619590695,195.99999999797092,11.24429667337023
Pitt_0050043,0.30994897959183665,0.5016344371867345,195.99999999750386,11.084982581917954
Pitt_0050044,0.30650510204081627,0.496936572380612,195.9999999976177,11.451216169013161
Pitt_0050045,0.3022704081632652,0.4994591167808847,194.03999999629858,9.17659303000554
Pitt_0050046,0.3125765306122449,0.5147757921632585,195.99999999808372,11.04714611932814
Pitt_0050047,0.3030867346938775,0.5162978215874038,195.9999999980077,10.685459788758935
Pitt_0050048,0.3038520408163265,0.4816584705643006,195.9999999981866,10.999276836891845
Pitt_0050049,0.31117346938775503,0.4958536975247647,195.99999999860663,11.022246063651032
Pitt_0050050,0.31272959183673465,0.49041840393122677,195.9999999982397,10.984084236318045
Pitt_0050051,0.30795918367346936,0.49968667863581473,195.9999999979005,11.103409825554218
Pitt_0050052,0.3090306122448979,0.49198459472483674,195.99999999782165,10.957261096823878
Pitt_0050053,0.30295918367346936,0.5065437940992983,195.99999999875973,10.662196119417203
Pitt_0050054,0.2953061224489796,0.4670473189067168,195.99999999896573,10.100891382152867
Pitt_0050055,0.30303571428571424,0.4796063307164086,195.99999999753337,10.870346959797407
Pitt_0050056,0.306173469387755,0.4946689091110697,195.99999999849032,11.354030821355051
Pitt_0050057,0.308469387755102,0.491101537094638,195.99999999776657,11.036635579690111
Pitt_0050058,0.30670918367346933,0.48960351264382007,195.9999999975023,11.120551200671349
Pitt_0050059,0.3024489795918367,0.5235845076335734,195.99999999807397,11.045716145167614
Pitt_0050060,0.30326530612244895,0.5136314893567685,195.9999999973453,10.981881943875488
SBL_0051556,0.3043877551020408,0.4650257026608003,195.9999999990814,9.998775421974802
SBL_0051557,0.31283163265306113,0.5161545167804715,195.99999999817763,10.639317986493065
SBL_0051558,0.2944132653061224,0.4868922883476195,187.17999999724196,3.469907032998843
SBL_0051559,0.30979591836734693,0.4915456961648411,195.99999999857928,11.172523917969732
SBL_0051560,0.3020918367346938,0.4856688946430567,195.99999999803381,10.63825211468778
SBL_0051561,0.3146938775510204,0.5070876267331488,195.99999999833085,11.155902168915647
SBL_0051562,0.305204081632653,0.4879269393668554,195.99999999802995,10.442086936074043
SBL_0051563,0.3041581632653061,0.4946809408542533,195.99999999844732,10.04060050767488
SBL_0051564,0.30614795918367343,0.5053918849171837,195.99999999824192,10.807347574180246
SBL_0051565,0.2988010204081632,0.49215075011639464,195.99999999785635,10.592555108258079
SBL_0051566,0.3016071428571428,0.5189009675824048,195.99999999749554,10.413571800142547
SBL_0051567,0.3097448979591836,0.5018373344202511,195.9999999979692,10.95633907968144
SBL_0051568,0.3021428571428571,0.5247156992917386,195.99999999812107,10.472898884151405
SBL_0051569,0.30357142857142855,0.4896633997472433,195.99999999786667,10.532745832785904
SBL_0051570,0.31086734693877544,0.5216069105132315,195.99999999825778,10.764831186565557
SBL_0051571,0.3090306122448979,0.49727151908851047,195.99999999813332,10.895317804614617
SBL_0051572,0.30400510204081627,0.5066751514420907,195.99999999781562,10.617211097988172
SBL_0051573,0.30688775510204075,0.5221701127414995,195.9999999979409,10.642849063607017
SBL_0051574,0.3135459183673469,0.4942583801090605,195.9999999978316,10.74311873761278
SBL_0051575,0.2952551020408163,0.4944787061328339,190.11999999718398,5.811376542833807
SBL_0051576,0.3084183673469387,0.5027015341778022,195.9999999979727,10.727403346120314
SBL_0051577,0.3102551020408163,0.49790919167234554,195.99999999791618,10.77685079874835
SBL_0051578,0.30466836734693875,0.4948895603596495,195.9999999978145,10.744115418342258
SBL_0051579,0.30979591836734693,0.4893831057467674,195.99999999828754,10.85872611769395
SBL_0051580,0.28936224489795914,0.5228673428707642,195.99999999826156,9.352529912183321
SBL_0051581,0.30859693877551014,0.5047771218722152,195.9999999975939,10.746838378902552
SBL_0051582,0.3105102040816326,0.5029783676793318,195.99999999809458,10.905236542067398
SBL_0051583,0.31464285714285706,0.49250136443435966,195.99999999814375,10.861455311937263
SBL_0051584,0.31362244897959185,0.5026280065193174,195.99999999858915,10.658363989935413
SBL_0051585,0.29984693877551016,0.4977769578989147,195.99999999840628,10.514786259512466
SDSU_0050182,0.30624999999999997,0.5086404501885297,175.999999979447,10.854614232857443
SDSU_0050183,0.30269886363636367,0.4909110437875742,175.99999999765976,10.68137818415074
SDSU_0050184,0.3035795454545454,0.47676343252295467,175.1199999923946,10.044252081313218
SDSU_0050185,0.2993465909090909,0.49244724924162947,175.99999999921775,9.859982527610576
SDSU_0050186,0.3009090909090909,0.4871042518171369,175.9999999985894,10.7827680728955
SDSU_0050187,0.3097443181818182,0.509224502947792,175.99999999701544,10.813667770437664
SDSU_0050188,0.30999999999999994,0.5004982572119144,175.99999999823004,10.776916851541921
SDSU_0050189,0.30624999999999997,0.4956081737013964,175.99999999780565,10.767934599439224
SDSU_0050190,0.3023863636363636,0.5055562776681973,175.99999999789085,10.769926133581398
SDSU_0050191,0.3017613636363636,0.4987686467020926,175.99999999853972,10.676426303980742
SDSU_0050192,0.28352272727272726,0.48154406626190843,167.19999994033276,2.0917527183591305
SDSU_0050193,0.3028977272727273,0.5030648666205033,175.99999999806911,10.981615450825018
SDSU_0050194,0.3001136363636363,0.488194624709457,175.99999999847788,10.841794274245109
SDSU_0050195,0.2896306818181818,0.47532870963385504,168.07999996474618,3.5516986018404864
SDSU_0050196,0.30241477272727274,0.48119864269414575,175.99999999820128,10.81488120487144
SDSU_0050197,0.31630681818181816,0.4957977440142009,175.9999999986079,10.819361308127
SDSU_0050198,0.30113636363636365,0.4926268993544663,175.99999997957258,10.605493802001424
SDSU_0050199,0.2997443181818182,0.49899940944837695,175.99999999743898,10.594053160728867
SDSU_0050200,0.30139204545454545,0.4938232487552389,175.9999999979804,10.551107269724966
SDSU_0050201,0.3045738636363636,0.4987026776694297,175.99999999870244,10.630167716266866
SDSU_0050202,0.3092329545454545,0.4973158372819424,175.99999999870008,11.035308108920738
SDSU_0050203,0.30860795454545453,0.4963013997964543,175.9999999981685,10.798805633750494
SDSU_0050204,0.3065056818181818,0.5021346272432973,175.99999999645,10.900204319588525
SDSU_0050205,0.3075568181818181,0.49538895155372226,175.99999999765276,10.749144722894616
SDSU_0050206,0.30744318181818175,0.4926291206295069,175.99999999852542,11.03676478150249
SDSU_0050207,0.29954545454545456,0.5092047425018099,175.99999999885299,9.451304544258269
SDSU_0050208,0.3132102272727273,0.49524100081001743,175.99999999809813,10.653315667265419
SDSU_0050209,0.2633806818181818,0.43044213007656806,152.2399985755178,-10.555865698804242
SDSU_0050210,0.3020454545454545,0.47900742299253385,174.23999999529664,9.278386362871776
SDSU_0050211,0.30639204545454546,0.5126552295794791,174.23999999792636,8.889446480354774
SDSU_0050212,0.30588068181818184,0.49788764839764965,175.99999999828634,10.931997487716087
SDSU_0050213,0.3068181818181818,0.48620183971551767,175.99999999862328,10.499377171877311
SDSU_0050214,0.31113636363636366,0.4898522095558536,175.99999999854327,10.91331030926316
SDSU_0050215,0.30605113636363634,0.5097806491710436,175.9999999980224,10.86316939700074
SDSU_0050216,0.28173295454545455,0.45898484014321367,161.91999999143826,-1.9262105243781429
SDSU_0050217,0.3087784090909091,0.4879566605375098,175.99999999814867,10.547584899636758
Stanford_0051160,0.2984659090909091,0.49184377695021525,175.9999999986064,10.943896079539394
Stanford_0051161,0.32491477272727265,0.4817549823982749,175.99999999916744,10.802895275859806
Stanford_0051162,0.3073863636363636,0.48773069203750863,175.99999999840955,10.549984728015561
Stanford_0051163,0.30107954545454546,0.5096011525518687,175.99999999855433,10.687847642979358
Stanford_0051164,0.3092613636363636,0.4896025005108251,175.99999999847213,10.721926128455038
Stanford_0051165,0.30286931818181817,0.4907395902860718,175.9999999985761,10.625508089978121
Stanford_0051166,0.3020974576271186,0.5104134674703026,235.99999999890596,10.111506353417337
Stanford_0051167,0.3143785310734463,0.5267114212494158,176.99999999898606,10.805844128428426
Stanford_0051168,0.2958522727272727,0.5154031896128763,175.99999999883636,9.874229761234856
Stanford_0051169,0.31522727272727274,0.492828458118954,175.9999999985892,11.162953286619308
Stanford_0051170,0.3062784090909091,0.498888555641974,175.99999999839548,11.00139438723069
Stanford_0051171,0.3147159090909091,0.49138214598792024,175.9999999985136,10.911624248299507
Stanford_0051172,0.3024147727272727,0.49641829983465485,175.999999998609,10.284799173671786
Stanford_0051173,0.3080681818181818,0.4915516551560662,175.99999999806164,10.85720385901549
Stanford_0051174,0.30224576271186443,0.5108807660058722,235.9999999978577,10.135537009056856
Stanford_0051175,0.30349431818181816,0.5049094594115435,175.99999999910358,10.32828566418837
Stanford_0051176,0.2992613636363636,0.4902828163920067,175.9999999986941,10.322939288533277
Stanford_0051177,0.305625,0.512452900783824,175.99999999812096,10.30457201586049
Stanford_0051178,0.3034659090909091,0.504140780524724,175.99999999867475,10.68739350058694
Stanford_0051179,0.3064772727272727,0.48924346741527713,175.9999999983552,10.843846665817818
Stanford_0051180,0.3144915254237288,0.49333234929865893,235.99999999809538,10.507536034571531
Stanford_0051181,0.31220338983050844,0.5112653029665628,235.99999999818158,10.43471325539453
Stanford_0051182,0.31203389830508477,0.5013943924412883,235.9999999974716,10.649057093814731
Stanford_0051183,0.3048516949152542,0.5064245608981611,235.99999999848143,10.280550547528433
Stanford_0051184,0.30881355932203386,0.5036926254044353,235.99999999818908,10.715972881278208
Stanford_0051185,0.3038135593220339,0.4768758040277295,235.99999999865156,9.893326302292694
Stanford_0051186,0.3005720338983051,0.5026944568607403,235.99999999837075,10.34539482048108
Stanford_0051187,0.3127966101694915,0.50364601341009,235.99999999880808,10.375683705072003
Stanford_0051188,0.31084745762711863,0.49647744432769597,235.99999999855507,10.652607045161936
Stanford_0051189,0.3040042372881356,0.515651164259985,235.99999999814946,10.187760726710048
Stanford_0051190,0.30754237288135594,0.50243598385005,235.99999999828407,10.64443720820031
Stanford_0051191,0.294364406779661,0.5196111015282701,235.99999999858545,8.80205666198131
Stanford_0051192,0.3065466101694916,0.5029419762583406,235.99999999835424,10.03499419569657
Stanford_0051193,0.29620762711864407,0.5057927378562894,235.99999999834046,10.200738256378106
Stanford_0051194,0.30597457627118646,0.5074054901544984,235.99999999768247,10.713701056577397
Stanford_0051195,0.27703389830508474,0.5304935341044248,235.99999999870278,8.787711090173083
Stanford_0051196,0.30047008547008547,0.47969377083552267,233.99999999841458,8.877871526044053
Stanford_0051197,0.30133474576271185,0.49643703563763025,235.999999998079,10.496769629468185
Stanford_0051198,0.3074364406779661,0.5024149407721307,235.99999999759513,10.664623055384588
Stanford_0051199,0.3039102564102564,0.5008144201522008,233.99999999836172,9.023633099390993
Trinity_0050232,0.29287671232876716,0.5006820594204633,145.99999999883755,10.255683805074014
Trinity_0050233,0.31147260273972605,0.4836910354824813,145.99999999844235,11.042068154172796
Trinity_0050234,0.29263698630136986,0.5011843499203725,145.99999999877417,10.671750147545115
Trinity_0050235,0.29719178082191783,0.5150604635054193,145.99999999897813,10.055872560710402
Trinity_0050236,0.3046575342465754,0.488178871584252,145.99999999749534,10.835197811261308
Trinity_0050237,0.30462328767123287,0.5011429523415584,145.9999999984836,10.871408165530964
Trinity_0050238,0.3082876712328767,0.5036956025188836,145.99999999901237,10.624123293274614
Trinity_0050239,0.3054794520547945,0.5002566373942091,145.99999999876053,11.025647210641445
Trinity_0050240,0.30839041095890407,0.49688067989542445,145.99999999842046,11.128493194265033
Trinity_0050241,0.3041438356164384,0.5135192209946632,145.99999999872435,10.028463048284795
Trinity_0050242,0.3170205479452055,0.5257026722994794,145.9999999994025,10.366105011170584
Trinity_0050243,0.3083561643835616,0.5048330444416121,145.9999999987229,11.080012789242609
Trinity_0050244,0.30575342465753425,0.5023440893007861,145.99999999852798,11.13466649419104
Trinity_0050245,0.3054794520547945,0.5004426449332439,145.9999999986673,10.8819968704453
Trinity_0050246,0.30767123287671233,0.49200474279173984,145.99999999866438,11.091964033709667
Trinity_0050247,0.305,0.49128267364605294,145.99999999897037,10.83541686140336
Trinity_0050248,0.29640410958904106,0.4871971171633534,145.99999999771453,10.374157199009543
Trinity_0050249,0.3029794520547945,0.519965300464028,145.99999999796177,10.920452004116068
Trinity_0050250,0.3021575342465754,0.4948329635164541,145.9999999989355,10.379495845164685
Trinity_0050251,0.31126712328767125,0.4865974061891615,145.99999999883931,10.881911047727813
Trinity_0050252,0.31253424657534246,0.482878364311498,145.9999999986558,11.06933194281318
Trinity_0050253,0.3027739726027397,0.48389430005113054,145.999999998717,10.721503393909018
Trinity_0050254,0.30575342465753425,0.5138003299273748,145.9999999986745,10.98380226906716
Trinity_0050255,0.3042123287671233,0.4839604089731093,145.9999999980809,10.890631453528949
Trinity_0050257,0.3020890410958904,0.5042162495137836,145.26999999847976,10.13940184971592
Trinity_0050259,0.3118493150684931,0.5071710037695287,145.26999999547022,10.295352836982156
Trinity_0050260,0.30582191780821916,0.4895430867121498,145.99999999830922,11.032357880401515
Trinity_0050261,0.30801369863013695,0.5066633638374376,145.99999999850246,11.230159768908457
Trinity_0050262,0.29006849315068495,0.4779333749399721,145.99999999927437,10.866149045588536
Trinity_0050263,0.3060616438356164,0.49753027755329154,145.9999999985037,10.98463030729838
Trinity_0050264,0.30931506849315066,0.5025872678774392,145.9999999983764,11.126843955566095
Trinity_0050265,0.3181506849315069,0.46762899770714095,145.99999999925308,11.06238358735448
Trinity_0050266,0.30304794520547945,0.49031900433670544,145.9999999982738,10.627102512418338
Trinity_0050267,0.3110958904109589,0.5033098350215205,145.99999999860088,10.71651505407025
Trinity_0050268,0.3040068493150685,0.5006150827153969,145.99999999899714,11.149390550692075
Trinity_0050269,0.30681506849315066,0.49089220010989393,145.99999999878196,11.149682863471618
Trinity_0050270,0.29982876712328765,0.507299671551486,145.9999999989824,10.37464235326482
Trinity_0050271,0.29561643835616436,0.49458188633548333,145.9999999985011,10.130238815086635
Trinity_0051132,0.3033219178082192,0.5045442224548728,145.99999999872614,10.672218170255041
Trinity_0051133,0.30476027397260275,0.495086898833662,145.99999999844943,10.938713482935961
Trinity_0051134,0.3119178082191781,0.49955834944917316,145.9999999985075,11.026513683647982
Trinity_0051135,0.3046575342465754,0.49660792792152847,145.99999999874655,10.896159728006523
Trinity_0051136,0.29982876712328765,0.5520195342012592,145.99999999936102,11.039947770174484
Trinity_0051137,0.2986643835616438,0.4802972964673397,145.99999999874734,10.633512328147285
Trinity_0051138,0.30561643835616437,0.49456496266921235,145.99999999851454,10.797543215385565
Trinity_0051139,0.3025,0.5036963597613648,145.9999999983421,10.771215649900064
Trinity_0051140,0.3061986301369863,0.48859934942140515,145.99999999846455,10.982483811710717
Trinity_0051141,0.3034246575342466,0.4976881496298309,145.99999999899356,10.787066917745314
Trinity_0051142,0.3051369863013699,0.5120022167788554,145.99999999862803,10.746283161838146
UCLA_1_0051201,0.3,0.4779671846925747,115.99999999923267,9.943659248508833
UCLA_1_0051202,0.2980172413793103,0.4995518192842755,115.99999999924175,10.137772926731461
UCLA_1_0051203,0.3090086206896552,0.4703866147284986,115.9999999995257,10.07458695716806
UCLA_1_0051204,0.3149568965517241,0.4861707469458784,115.9999999994973,10.189708632619736
UCLA_1_0051205,0.3101724137931034,0.482036198479903,115.99999999868461,10.482019012216742
UCLA_1_0051206,0.30530172413793105,0.49666773879405524,115.9999999986868,10.55892168736239
UCLA_1_0051207,0.30741379310344824,0.5206812048965721,115.99999999920082,10.198338690212415
UCLA_1_0051208,0.30495689655172414,0.4976212236325739,115.99999999882884,10.38199952133698
UCLA_1_0051209,0.30318965517241375,0.48311078762979376,115.99999999933274,9.727525554545853
UCLA_1_0051210,0.30961206896551724,0.4924846924164322,115.9999999988805,11.006057283554144
UCLA_1_0051211,0.30956896551724133,0.48589043905848556,115.99999999872048,10.608672465604206
UCLA_1_0051212,0.30288793103448275,0.5112159953151572,115.99999999884614,10.468646599949025
UCLA_1_0051213,0.3037068965517241,0.497991971050434,115.99999999943512,10.013321461688582
UCLA_1_0051214,0.3028448275862069,0.5028608322492045,115.99999999881683,10.664553737168896
UCLA_1_0051215,0.2997844827586207,0.49447187953031163,115.9999999989034,10.53380856108662
UCLA_1_0051216,0.30142241379310347,0.5180553586289749,115.99999999873,10.31604483516669
UCLA_1_0051217,0.304051724137931,0.4820155943166231,115.99999999866446,10.490722855388567
UCLA_1_0051218,0.3096551724137931,0.4975805173708754,115.99999999857468,10.602481126486966
UCLA_1_0051219,0.2979310344827586,0.4787591383694351,115.9999999987449,10.444872725392845
UCLA_1_0051220,0.30396551724137927,0.49518715306048167,115.9999999988736,10.419001306858961
UCLA_1_0051221,0.3076293103448276,0.48720698305010623,115.99999999867039,10.492899854051423
UCLA_1_0051222,0.3084913793103448,0.5136898945656148,115.99999999872699,10.792145333857846
UCLA_1_0051223,0.3134913793103448,0.4781622886132854,115.99999999852409,11.030832333176477
UCLA_1_0051224,0.3042672413793103,0.4994664636593387,115.99999999838403,10.527624809632412
UCLA_1_0051225,0.3064224137931034,0.49642074034247197,115.99999999887099,10.779818743522128
UCLA_1_0051226,0.3113362068965517,0.4889880634340774,115.99999999896505,10.862918114440612
UCLA_1_0051227,0.3045689655172414,0.4713931592195628,115.99999999925559,9.583566959221837
UCLA_1_0051228,0.3075,0.5091894069522531,115.99999999970731,9.972228788376492
UCLA_1_0051229,0.3016810344827586,0.5042241937259335,115.9999999986375,10.598683674209802
UCLA_1_0051230,0.30034482758620684,0.48197504070510633,115.99999999877824,10.581442580486385
UCLA_1_0051231,0.3038362068965517,0.499776133064855,115.99999999907641,10.462747272482149
UCLA_1_0051234,0.30379310344827587,0.49277950944415017,115.99999999847688,10.562257680814483
UCLA_1_0051235,0.3089655172413793,0.5057086839678483,115.99999999855012,10.606353966227097
UCLA_1_0051236,0.3021551724137931,0.491538122715758,115.99999999908988,9.87410732487921
UCLA_1_0051237,0.30564655172413796,0.5049792504011903,115.99999999804938,10.673024278488866
UCLA_1_0051238,0.30810344827586206,0.5079310626659015,115.99999999952361,10.347091782151356
UCLA_1_0051239,0.3076293103448276,0.48757741786659264,115.99999999886921,10.727358248209544
UCLA_1_0051240,0.30418103448275857,0.5008134616503876,115.99999999897489,10.59821687179222
UCLA_1_0051241,0.3004310344827586,0.49079376458114404,115.9999999987471,10.435348228911803
UCLA_1_0051248,0.3003448275862069,0.5108518396085726,115.99999999885499,10.553813515797204
UCLA_1_0051249,0.307801724137931,0.5076824874889039,115.99999999859962,10.639884957360412
UCLA_1_0051250,0.30495689655172414,0.48590321532023567,115.99999999869814,10.378219946517088
UCLA_1_0051251,0.31060344827586206,0.46511879558841157,115.99999999928373,10.265635105890935
UCLA_1_0051252,0.2982758620689655,0.5076549500937119,115.99999999862023,10.302918363678552
UCLA_1_0051253,0.3087068965517241,0.48568132730428315,115.99999999846413,10.894922693426333
UCLA_1_0051254,0.3057327586206896,0.48468766918695005,115.99999999881318,10.614038077255518
UCLA_1_0051255,0.3066810344827586,0.4860977681777665,115.99999999889991,10.640063257956859
UCLA_1_0051256,0.29991379310344823,0.49624128037125315,115.9999999987918,10.203499241276576
UCLA_1_0051257,0.3092672413793103,0.5092534670069169,115.99999999884531,10.603475064029544
UCLA_1_0051258,0.29124999999999995,0.47881175909672413,115.9999999993607,10.23538026999722
UCLA_1_0051259,0.3008620689655172,0.4971983025211103,115.41999999697566,9.69291323707666
UCLA_1_0051260,0.30823275862068966,0.5060994893890964,115.99999999876371,10.792071988344224
UCLA_1_0051261,0.30280172413793105,0.48828240524505767,115.99999999898778,10.808192114015442
UCLA_1_0051262,0.3059051724137931,0.5047117215755533,115.99999999875509,10.515606356629432
UCLA_1_0051263,0.30538793103448275,0.49236002058133627,115.99999999929103,10.607102971590116
UCLA_1_0051264,0.296551724137931,0.5020234036330526,115.99999999853475,10.52746116519365
UCLA_1_0051265,0.30629310344827587,0.5044530057292568,115.99999999840128,10.754078498507074
UCLA_1_0051266,0.29896551724137926,0.4813896206530474,115.99999999906707,10.500181089218938
UCLA_1_0051267,0.308103448275862,0.49183558341368494,115.99999999878193,10.669464680385794
UCLA_1_0051268,0.29185344827586207,0.4744197730592104,115.9999999986414,10.565938478189125
UCLA_1_0051269,0.3020258620689655,0.5103439273670677,115.9999999987695,10.668166709536184
UCLA_1_0051271,0.30668103448275863,0.5061142293531354,115.99999999764539,10.413308568634353
UCLA_1_0051272,0.31275862068965515,0.5020315545577115,115.99999999842723,10.89149358731651
UCLA_1_0051273,0.30560344827586206,0.48776098125935285,115.99999999840227,10.765408768923697
UCLA_1_0051274,0.3177586206896551,0.47773837160382954,115.99999999943364,9.639513425562827
UCLA_1_0051275,0.310603448275862,0.49027725409265116,115.99999999893608,10.875303541452844
UCLA_1_0051276,0.30073275862068966,0.5038750210699208,115.99999999849528,10.526795706476427
UCLA_1_0051277,0.2978448275862069,0.496063444802126,115.9999999985737,10.387363465099922
UCLA_1_0051278,0.3080603448275862,0.5001526871558815,115.9999999990925,10.647670671073246
UCLA_1_0051279,0.30362068965517236,0.4960894301249011,115.99999999841002,10.58772290719754
UCLA_1_0051280,0.310301724137931,0.49896581763848863,115.99999999869455,10.914648148707453
UCLA_1_0051281,0.30857758620689657,0.4937553271656992,115.99999999863088,10.67507498426477
UCLA_1_0051282,0.30495689655172414,0.5133519687182203,115.99999999908923,10.567259186031478
UCLA_2_0051291,0.30724137931034484,0.49677819010554214,115.99999999876887,10.755089688468837
UCLA_2_0051292,0.30198275862068963,0.48203708605479734,115.9999999992199,10.13743081854574
UCLA_2_0051293,0.307198275862069,0.483405421781952,115.99999999874866,10.692868266878612
UCLA_2_0051294,0.2926293103448276,0.5104073338725379,115.99999999913918,10.011189188590672
UCLA_2_0051295,0.30512931034482754,0.5084160719920174,115.99999999883501,10.757749930782806
UCLA_2_0051296,0.2995258620689655,0.5169361698617352,115.99999999943525,9.397521535482742
UCLA_2_0051297,0.3094396551724138,0.49532601795154185,115.99999999909319,10.63959933126013
UCLA_2_0051298,0.3030172413793103,0.5163301215398534,115.9999999990132,10.298669927380892
UCLA_2_0051299,0.30206896551724133,0.5021048817513113,115.99999999921174,10.076779846675787
UCLA_2_0051300,0.3003448275862069,0.49647888845912147,115.99999999951298,9.533885705561081
UCLA_2_0051301,0.29732758620689653,0.47805319145463104,115.99999999913524,10.610501593079169
UCLA_2_0051302,0.3107758620689655,0.48282598305364366,115.99999999891766,10.772655151226754
UCLA_2_0051303,0.30461206896551724,0.49760432706432006,115.99999999868662,10.474231172702257
UCLA_2_0051304,0.30081896551724135,0.537724433575371,115.99999999928235,9.876378497585849
UCLA_2_0051305,0.29650862068965517,0.4878844541513825,115.99999999831317,10.345515547308608
UCLA_2_0051306,0.30637931034482757,0.4834414846322263,115.99999999881962,10.635296393030703
UCLA_2_0051307,0.3103448275862069,0.4836384352981372,115.9999999990784,10.763514781459403
UCLA_2_0051308,0.3022413793103448,0.5048069072628936,115.99999999865258,10.470551471661315
UCLA_2_0051309,0.31456896551724134,0.48929026147107946,115.99999999865791,10.67143851670482
UCLA_2_0051311,0.3059051724137931,0.5113215602786224,115.99999999879172,10.768409328196821
UCLA_2_0051312,0.3059051724137931,0.4959113422926785,115.99999999868547,10.730424624937173
UCLA_2_0051313,0.30099137931034486,0.5003278936137039,115.99999999860141,10.360397768671335
UCLA_2_0051314,0.3059913793103448,0.4747110753897206,115.99999999867967,10.124479260108624
UCLA_2_0051315,0.3032758620689655,0.4826511173554667,115.99999999889035,10.595795595127289
UCLA_2_0051316,0.30038793103448275,0.5092791117422486,115.99999999879589,10.257131235742655
UCLA_2_0051317,0.3090948275862068,0.4862710249429833,115.9999999989525,10.839227989301481
UM_1_0050272,0.3010472972972973,0.5004103880929838,295.9999999982548,9.72527412481936
UM_1_0050273,0.3062668918918919,0.501846177901917,295.99999999750327,10.44487662815759
UM_1_0050274,0.29962837837837836,0.5019324326683494,295.999999998189,9.875698947172035
UM_1_0050275,0.3011824324324324,0.50385788646678,295.99999999838417,9.229186206351637
UM_1_0050276,0.30253378378378376,0.4940124762153968,295.99999999736616,10.357768178307296
UM_1_0050277,0.2852364864864865,0.4783079750288205,295.99999999841054,8.845347244914462
UM_1_0050278,0.29694256756756754,0.5324212259360507,295.9999999985408,8.997140290634151
UM_1_0050279,0.2663175675675675,0.5482458207868383,295.9999999994164,8.166018174040307
UM_1_0050280,0.29839527027027024,0.5018284578669331,295.9999999964766,9.85848094026779
UM_1_0050281,0.2841385135135135,0.5186436803158005,295.99999999889565,8.645299516946071
UM_1_0050282,0.30689189189189187,0.494449306518452,295.9999999980926,10.500518657236325
UM_1_0050283,0.29554054054054046,0.5223797086238398,295.99999999874007,8.90400286976503
UM_1_0050284,0.29420608108108104,0.5117907851090365,295.9999999986849,9.212296632959873
UM_1_0050285,0.30346283783783773,0.4811444262095166,295.9999999980331,10.413177200690534
UM_1_0050286,0.2663175675675675,0.5482458207868383,295.9999999994164,8.166018174040307
UM_1_0050287,0.30962837837837837,0.5040624992096319,295.99999999773206,10.036381227263314
UM_1_0050288,0.29771959459459457,0.5009119513408852,295.9999999986085,9.387305606910445
UM_1_0050289,0.2994425675675675,0.48541540939021843,295.9999999982718,8.827630244834683
UM_1_0050290,0.30613175675675675,0.5015706730665155,295.9999999981334,10.050348335751499
UM_1_0050291,0.31341216216216217,0.5180328050678046,295.9999999977511,10.383150767022725
UM_1_0050292,0.2891891891891892,0.512783441067197,295.9999999985902,9.074884604694432
UM_1_0050293,0.30895270270270264,0.4978659775235984,295.99999999727345,9.922875109790887
UM_1_0050294,0.3055912162162162,0.4891686678532814,295.9999999978115,10.261141815854742
UM_1_0050295,0.30015202702702704,0.49552804123076866,295.9999999975772,9.291532115615977
UM_1_0050296,0.2885472972972973,0.5201862273621747,295.9999999991423,9.262934928854582
UM_1_0050297,0.3017567567567567,0.49926377313114734,295.9999999984127,10.20131273312153
UM_1_0050298,0.3029054054054054,0.5093668138820907,295.99999999811195,9.206002039183858
UM_1_0050299,0.27797297297297296,0.5202624942215255,295.9999999992077,8.405560941492656
UM_1_0050300,0.30809121621621616,0.4930896820481028,295.99999999868123,9.839091905388257
UM_1_0050301,0.3084966216216216,0.49705582384702734,295.99999999732694,10.531652318832373
UM_1_0050302,0.3066722972972973,0.5008232550896977,295.9999999984871,10.096673262494066
UM_1_0050303,0.2927195945945945,0.5098880191912626,295.999999999448,8.879009522777793
UM_1_0050304,0.29108108108108105,0.48725422202097834,295.9999999988084,8.745246461857503
UM_1_0050305,0.27802364864864865,0.534999573808553,295.99999999906083,8.516549022790326
UM_1_0050306,0.3092567567567567,0.5179146423175933,295.99999999900626,9.795262067709936
UM_1_0050307,0.30013513513513507,0.49447590822747656,295.99999999785734,8.858559653222883
UM_1_0050308,0.28312499999999996,0.513289821153472,295.9999999995391,8.316580467702897
UM_1_0050309,0.251554054054054,0.5250891107274798,295.9999999994361,7.385315953119033
UM_1_0050310,0.30652027027027023,0.5021627836823942,295.99999999759075,10.365737109698506
UM_1_0050311,0.2981418918918919,0.495488585009943,295.9999999986749,9.431659499644377
UM_1_0050312,0.30717905405405405,0.4788293392422885,295.99999999873444,9.57577014462026
UM_1_0050313,0.2684121621621621,0.5332457126586296,295.99999999941525,7.9320330898729265
UM_1_0050314,0.30374999999999996,0.49811719644119784,295.99999999791163,9.981885984498676
UM_1_0050315,0.3022128378378378,0.5071503876499256,295.9999999977979,10.349128870800907
UM_1_0050316,0.2990709459459459,0.5136903433486439,295.99999999870465,9.697808051391574
UM_1_0050317,0.27773648648648647,0.5425248545777885,295.9999999994918,8.104843793742623
UM_1_0050318,0.30565878378378375,0.5006135267740843,295.99999999811547,9.770410470181595
UM_1_0050319,0.30844594594594593,0.49790910650646736,295.9999999974065,10.421441014196263
UM_1_0050320,0.29614864864864865,0.49938566049441024,295.99999999800474,9.111764315047175
UM_1_0050321,0.3038344594594594,0.5028008895879771,295.9999999974819,10.344148311676472
UM_1_0050322,0.30258445945945944,0.5156030451286873,295.99999999886387,9.368416167877916
UM_1_0050324,0.30373310810810805,0.4934832321439427,295.9999999977261,10.354785681548435
UM_1_0050325,0.3057939189189189,0.5118564483586612,295.999999998628,9.120389893326376
UM_1_0050326,0.3044087837837837,0.4958539042255108,295.99999999816185,10.088504182790597
UM_1_0050327,0.3023817567567567,0.48922900066736574,295.9999999977816,10.275057645588697
UM_1_0050328,0.3078378378378378,0.506380073686978,295.99999999799763,10.454114668086948
UM_1_0050329,0.30398648648648646,0.5027198424958289,295.9999999971651,9.883291834930018
UM_1_0050330,0.3017905405405405,0.49176322893693114,295.99999999793755,10.384070669353807
UM_1_0050331,0.30942567567567564,0.5102630190909797,295.99999999824763,10.128858611038602
UM_1_0050332,0.3067567567567567,0.5125322560039512,295.9999999983328,9.865046352737552
UM_1_0050333,0.3048141891891892,0.5073330823975793,295.9999999987191,9.73285879228802
UM_1_0050334,0.2999493243243243,0.5024327138351548,295.9999999975778,9.88859708635966
UM_1_0050335,0.3063851351351351,0.4984509525501187,295.99999999752043,10.539550728689091
UM_1_0050336,0.30820945945945943,0.49850714522572576,295.99999999720364,10.247621231743288
UM_1_0050337,0.30146959459459455,0.502295643255668,295.99999999782597,9.631181296625547
UM_1_0050338,0.30184121621621623,0.5177405003781695,295.9999999982283,8.994416186993806
UM_1_0050339,0.3085304054054054,0.5017943848594104,295.9999999972171,10.418273879576423
UM_1_0050340,0.3041385135135135,0.5214252004582581,295.9999999974728,10.356820450063974
UM_1_0050341,0.29913851351351345,0.49873294479369606,295.99999999721,10.175779835903679
UM_1_0050342,0.30486486486486486,0.4948319201847238,295.99999999824996,9.893847565989812
UM_1_0050343,0.3015202702702703,0.4909940366470586,295.9999999982042,9.66788996107965
UM_1_0050344,0.30478040540540535,0.5038165331046673,295.99999999772643,10.194657398104193
UM_1_0050345,0.3040033783783784,0.49503040296785483,295.9999999978345,10.293851039601163
UM_1_0050346,0.3047635135135135,0.4958107607470922,295.9999999977315,10.366341983517396
UM_1_0050347,0.30608108108108106,0.5040645501949838,295.999999997939,10.299155699707892
UM_1_0050348,0.311402027027027,0.5128577813638451,295.99999999800343,10.556176320581441
UM_1_0050349,0.3043074324324324,0.5037152700418124,295.9999999975786,10.224586290529112
UM_1_0050350,0.3019763513513513,0.5045069008008198,295.9999999974142,10.430644021180328
UM_1_0050351,0.30277027027027026,0.508270714713854,295.99999999730494,10.124904574747964
UM_1_0050352,0.2952364864864865,0.5238102504372697,295.9999999984973,9.081162246484238
UM_1_0050353,0.31381756756756757,0.49099928281371563,295.9999999981096,9.60890552108383
UM_1_0050354,0.28891891891891885,0.4965553751600884,295.9999999990763,8.980782088002439
UM_1_0050355,0.30048986486486484,0.4980175280467963,295.9999999981686,9.934971723010468
UM_1_0050356,0.3071114864864865,0.5037719272957506,295.9999999973506,10.455812070618816
UM_1_0050357,0.30831081081081074,0.4938700583092097,295.9999999974742,10.290636995417614
UM_1_0050358,0.3040878378378378,0.5149403711580318,295.99999999785325,9.477404762485534
UM_1_0050359,0.2998141891891891,0.5228314769840793,295.999999998877,9.302360837325574
UM_1_0050360,0.30050675675675675,0.4958387279662131,295.9999999973347,9.846424699632728
UM_1_0050361,0.30611486486486483,0.5232420550970577,295.9999999980679,10.629928939288261
UM_1_0050362,0.30959459459459454,0.5093879288304274,295.9999999977571,10.080859578455458
UM_1_0050363,0.3091722972972973,0.4863630772407736,295.9999999982548,10.383586295513796
UM_1_0050364,0.30194256756756754,0.480099038128654,295.99999999858085,10.180056650172476
UM_1_0050365,0.3007939189189189,0.5158311390391969,295.9999999976855,10.21040122648839
UM_1_0050366,0.2894932432432432,0.4817645056416012,295.99999999850667,8.863779846635467
UM_1_0050367,0.30670608108108105,0.5027825881946978,295.9999999971301,10.207606896139788
UM_1_0050368,0.3067905405405405,0.4860775391082224,295.9999999980822,10.655186106087182
UM_1_0050369,0.30591216216216216,0.5046892757216017,295.9999999976428,10.502912931911274
UM_1_0050370,0.30089527027027024,0.46264052438520636,295.99999999859364,9.22151099133373
UM_1_0050371,0.2907094594594594,0.4975525298923975,295.9999999988871,8.896803224335134
UM_1_0050372,0.3060979729729729,0.5014805940778455,295.9999999979362,10.656223170724811
UM_1_0050373,0.3072804054054054,0.5098903865226176,295.9999999982199,9.367363752989604
UM_1_0050374,0.30494932432432426,0.5131544463379226,295.99999999799076,9.635938604436008
UM_1_0050375,0.3084459459459459,0.49318969103659943,295.9999999973233,10.38476943261426
UM_1_0050376,0.26204391891891887,0.5338955332314206,295.9999999988445,7.318798683972229
UM_1_0050377,0.30415540540540537,0.5190233514576693,295.99999999788747,10.07430973782275
UM_1_0050378,0.3057601351351351,0.501072040836477,295.9999999984097,10.09154963793575
UM_1_0050379,0.30415540540540537,0.5003875747435059,295.99999999783404,10.04691510388162
UM_1_0050380,0.296402027027027,0.5081306877153619,295.9999999984815,8.99912764912288
UM_1_0050381,0.3025,0.5064440866474754,295.99999999833847,9.808186005168587
UM_2_0050382,0.30841216216216216,0.4919024595729668,295.99999999762156,10.486828004114102
UM_2_0050383,0.28201013513513506,0.5243259470058321,295.9999999992066,8.329813021727807
UM_2_0050385,0.30148648648648646,0.511508705994561,295.9999999980011,10.048913536422104
UM_2_0050386,0.2999493243243243,0.504927789301042,295.9999999971038,9.87682951171902
UM_2_0050387,0.29891891891891886,0.5144539593617755,295.9999999981582,9.988864845075119
UM_2_0050388,0.3071452702702702,0.5008302005825659,295.99999999812144,9.903611914606698
UM_2_0050390,0.3072297297297297,0.5071257152256571,295.99999999777566,10.034681629734258
UM_2_0050391,0.30037162162162157,0.5277947274636042,295.9999999984705,10.30619241358234
UM_2_0050397,0.3030236486486486,0.498887322417647,295.99999999716545,10.02402802336589
UM_2_0050399,0.3099662162162161,0.5101623131214551,295.9999999981753,10.464433443493295
UM_2_0050402,0.3046959459459459,0.5000167703904217,295.99999999760263,10.371934145996988
UM_2_0050403,0.2926013513513513,0.49623595028348644,295.99999999869215,9.399457180474752
UM_2_0050404,0.3076689189189189,0.4939974733358051,295.99999999775764,10.628429389456624
UM_2_0050405,0.30550675675675676,0.5037182136162062,295.9999999976128,10.622010361298457
UM_2_0050406,0.30280405405405403,0.4984962085246588,295.99999999800536,10.2391529949403
UM_2_0050407,0.30724662162162164,0.50626406934085,295.99999999781744,10.425247313172699
UM_2_0050408,0.306097972972973,0.5079135767107923,295.9999999976355,9.83005894157537
UM_2_0050410,0.2926689189189189,0.5089915251708795,295.99999999856277,8.612110577933361
UM_2_0050411,0.3076858108108108,0.5046106414453788,295.9999999984684,10.312013672329618
UM_2_0050412,0.3042905405405405,0.5027261175825527,295.99999999758927,9.932182857239551
UM_2_0050413,0.30523648648648644,0.5089777798770115,295.9999999977015,10.315616085589285
UM_2_0050414,0.3069087837837837,0.49635449596298353,295.99999999758967,10.346880701582103
UM_2_0050415,0.30542229729729725,0.4837731143173224,295.99999999762815,10.358414201717292
UM_2_0050416,0.306875,0.48882138373529754,295.99999999837087,10.233425185776696
UM_2_0050417,0.30655405405405406,0.5085685328955565,295.99999999715493,10.26308055805242
UM_2_0050418,0.3045101351351351,0.4995980021918075,295.9999999979281,9.483774966302402
UM_2_0050419,0.31082770270270266,0.5094271868184105,295.99999999771114,10.491444720943248
UM_2_0050421,0.29903716216216214,0.4949048665421465,295.9999999982551,9.59777598674148
UM_2_0050422,0.2945608108108108,0.49362128366699337,295.99999999895374,9.3043036810565
UM_2_0050424,0.30182432432432427,0.49841398553488503,295.9999999975526,10.387588394499904
UM_2_0050425,0.29858108108108106,0.5018129453179971,295.99999999781284,8.97887227512002
UM_2_0050426,0.31003378378378377,0.5091247080913203,295.9999999977374,10.160198490848218
UM_2_0050427,0.3005236486486486,0.48842557625018357,295.9999999975409,10.025065071771394
UM_2_0050428,0.30233108108108103,0.49985261373672957,295.9999999975236,10.282706837522126
USM_0050432,0.30684322033898304,0.4967313142464326,235.9999999980224,10.35116451283782
USM_0050433,0.3047457627118644,0.5018689119489725,235.9999999979001,10.679893261895678
USM_0050434,0.30807203389830506,0.5002076314116676,235.99999999844775,10.742645741781553
USM_0050435,0.31569915254237285,0.5217415535735934,235.99999999842797,10.855676461734593
USM_0050436,0.2957627118644067,0.5177639393368892,235.99999999855442,9.228738557923934
USM_0050437,0.3078177966101695,0.5028923051713153,235.99999999839565,10.546125871156415
USM_0050438,0.30692796610169487,0.5094722646089347,235.99999999826315,10.855755669558091
USM_0050439,0.31010593220338983,0.49995524795192564,235.99999999832406,10.627326393507895
USM_0050440,0.3080296610169491,0.48689836472232345,235.9999999983151,10.680858063600066
USM_0050441,0.30646186440677964,0.5112214939421509,235.9999999979656,10.56844685031689
USM_0050442,0.30353813559322035,0.48703494443956147,235.99999999749335,10.509385708933628
USM_0050443,0.30639830508474575,0.48748049181619313,235.99999999808503,10.63278582756579
USM_0050444,0.31239406779661016,0.5077794343837112,235.9999999985238,11.185646554255232
USM_0050445,0.3112923728813559,0.4980532939882153,235.9999999981511,10.839496136599669
USM_0050446,0.2972033898305085,0.4952455997205436,235.99999999802637,10.519333838912779
USM_0050447,0.30682203389830504,0.48573155235151705,235.9999999981632,10.235295322472055
USM_0050448,0.3119703389830509,0.4874421344914019,235.99999999872597,9.935216783947444
USM_0050449,0.30595338983050846,0.49752825163917563,235.99999999811348,10.647752450261393
USM_0050450,0.3083686440677966,0.5158981113563607,235.99999999855388,10.657038656120106
USM_0050451,0.31269067796610167,0.499518306213723,235.99999999877286,10.4448775947381
USM_0050452,0.3051694915254237,0.4986735335096865,235.99999999764245,10.734288147396155
USM_0050453,0.3071186440677966,0.5138155826888456,235.9999999991687,9.948940832718996
USM_0050454,0.3065889830508475,0.5094570439809161,235.99999999822822,10.422833074680616
USM_0050455,0.3080508474576271,0.5025274603716449,235.99999999830783,10.984519925398649
USM_0050456,0.30245762711864405,0.49600849378575573,235.9999999983495,10.604439944295613
USM_0050457,0.3099152542372881,0.501827470305336,235.999999997962,10.72519759629493
USM_0050458,0.30474576271186443,0.5148034575706828,235.9999999984732,10.582407984198364
USM_0050459,0.30891949152542375,0.5083770620559364,235.9999999981446,10.934344915660512
USM_0050460,0.3048728813559322,0.5067253727521709,235.9999999975966,10.641990930407367
USM_0050461,0.30391949152542375,0.5056148456405984,235.99999999806667,10.722597079939264
USM_0050462,0.3065889830508475,0.5067487036285666,235.99999999805922,10.806235911296717
USM_0050463,0.30347457627118646,0.5082343282938868,235.99999999810024,10.384201715751896
USM_0050464,0.3033686440677966,0.5007342429090214,235.99999999836663,10.164814412395215
USM_0050465,0.30597457627118646,0.5126460559851325,235.99999999775332,10.13963586909616
USM_0050466,0.29921610169491525,0.4941634961645416,235.9999999976351,10.258888372752992
USM_0050467,0.3042584745762712,0.5033098974326952,235.99999999820474,10.550072556759815
USM_0050468,0.3036228813559322,0.5028001928869429,235.999999997676,10.612490713336085
USM_0050469,0.30165254237288136,0.5067207992580224,235.9999999975133,10.48160797060205
USM_0050470,0.30724576271186443,0.5657847213934619,235.9999999989006,9.404079628884062
USM_0050471,0.30716101694915254,0.49623419252990053,235.99999999773988,10.594942002452047
USM_0050472,0.30239406779661016,0.4828642048086072,235.99999999787397,10.41300134042907
USM_0050473,0.3054661016949152,0.5040244796965654,235.99999999791385,10.859314940476633
USM_0050474,0.30203389830508476,0.52530416836023,235.99999999825798,10.42952161331808
USM_0050475,0.3054025423728814,0.5012253815185678,235.99999999800383,10.54932194148106
USM_0050476,0.30703389830508476,0.50423166656603,235.99999999818772,10.576587637344678
USM_0050477,0.3070762711864407,0.4964314954438545,235.99999999828583,10.275314086432791
USM_0050478,0.2896610169491526,0.49468889039446645,235.99999999891514,10.28657463600844
USM_0050479,0.30627118644067797,0.4997210673991297,235.99999999863005,10.415313676667399
USM_0050480,0.301271186440678,0.5183376325880902,235.99999999807017,10.561867755928406
USM_0050481,0.30718220338983054,0.49602975053143183,235.9999999987617,10.28714959997211
USM_0050482,0.3044067796610169,0.5017370556013228,235.9999999977273,10.549561840580555
USM_0050483,0.30135593220338985,0.5045941065823736,235.99999999870292,10.096422936168885
USM_0050484,0.3053601694915254,0.4989474282059197,235.99999999800312,10.54015544028959
USM_0050485,0.3140042372881356,0.5038441402063786,235.99999999812835,10.919006368743666
USM_0050486,0.3084110169491525,0.4964033929984745,235.9999999986387,10.846608025762409
USM_0050487,0.3038135593220339,0.5029712566466745,235.9999999986359,10.375078688808012
USM_0050488,0.3050635593220339,0.48770970601795244,235.99999999853068,10.625222573860063
USM_0050489,0.29377118644067796,0.509065715121916,235.99999999901857,9.294852799700038
USM_0050490,0.3054237288135593,0.5162244748496673,235.99999999872114,10.655709686966988
USM_0050491,0.305,0.5041014936945115,235.99999999760402,10.643734750052964
USM_0050492,0.3033474576271186,0.49184765004786657,235.9999999980431,10.474059671255345
USM_0050493,0.3120550847457627,0.514856392516792,235.99999999781153,10.42503826600253
USM_0050494,0.3040889830508474,0.4944118004151409,235.9999999978098,10.51843312371024
USM_0050495,0.30375,0.5143207734341462,235.99999999827315,10.547404239750099
USM_0050496,0.3035593220338983,0.5123858293121593,235.99999999884437,10.218780123802713
USM_0050497,0.3090042372881356,0.4982528234385007,235.9999999979396,10.314387880853044
USM_0050498,0.3083050847457627,0.5102421805449474,235.9999999983397,10.676217603326645
USM_0050499,0.309385593220339,0.4939432210928708,235.99999999821569,10.702784932124855
USM_0050500,0.30783898305084745,0.5042694939035263,235.99999999820787,10.38211889836951
USM_0050501,0.3057415254237288,0.4893329284315831,235.99999999851644,10.2182637013022
USM_0050502,0.30883474576271186,0.4837210403109872,235.99999999810294,10.530819793071135
USM_0050503,0.2985593220338983,0.5148694062771153,235.99999999808125,10.543892531992086
USM_0050504,0.3020762711864407,0.49251565388305757,235.99999999821623,10.63394878989628
USM_0050505,0.31144067796610164,0.5090494552389435,235.99999999777208,10.691335487762085
USM_0050506,0.3044915254237288,0.4896574435418902,235.99999999815606,10.731538138683918
USM_0050507,0.3005508474576271,0.5334907076326622,235.99999999874615,10.822971210274794
USM_0050508,0.31889830508474576,0.5108532417553218,235.99999999895562,10.69363480838697
USM_0050509,0.2860805084745763,0.5375676085677294,235.99999999894962,8.771562224696158
USM_0050510,0.30627118644067797,0.49753089070717493,235.99999999890662,10.517736326166501
USM_0050511,0.3067161016949152,0.5009915385353456,235.99999999875092,10.506357563256206
USM_0050512,0.29773305084745766,0.49921370271160903,235.99999999838445,10.310432738333393
USM_0050513,0.30720338983050843,0.5064915856071291,235.99999999802324,10.608885156318594
USM_0050514,0.3103601694915254,0.5075289664927568,235.99999999784814,10.586710437016103
USM_0050515,0.30665254237288136,0.4874892532857058,235.9999999982927,10.581613201840483
USM_0050516,0.30105932203389835,0.506787156452445,235.9999999979708,10.669360793866526
USM_0050517,0.3047669491525424,0.49296755381665763,235.9999999980966,10.567655054527508
USM_0050518,0.30366525423728813,0.506054219975546,235.9999999980507,10.65305015058057
USM_0050519,0.30593220338983046,0.49562433179591836,235.99999999833105,10.450430054890262
USM_0050520,0.3022669491525424,0.5036876602053524,235.9999999983237,10.47108207177766
USM_0050521,0.313771186440678,0.5185021407029731,235.99999999843013,10.927244212127807
USM_0050522,0.30875,0.5281528427181723,235.9999999992159,10.085753388018034
USM_0050523,0.29983050847457626,0.47766017485065826,235.9999999988161,9.965780842612627
USM_0050524,0.30703389830508476,0.49665418186906135,235.9999999983487,10.501588033499424
USM_0050525,0.3093008474576271,0.505157088538202,235.9999999974703,10.451202054555825
USM_0050526,0.29915948275862064,0.47216318842574523,231.99999999790555,10.41666753532917
USM_0050527,0.30578389830508473,0.5125501280914277,235.99999999768158,10.61471774383492
USM_0050528,0.30394067796610164,0.49093754218797087,235.9999999978266,10.718933313373059
USM_0050529,0.30665254237288136,0.49383818453656725,235.99999999833736,10.670314044586162
USM_0050530,0.3023093220338983,0.49688949489568374,235.99999999827006,10.658835754926812
USM_0050531,0.27332627118644065,0.4245176244028302,235.99999999918512,8.880489585825405
USM_0050532,0.3080720338983051,0.5069484118987851,235.99999999851062,10.703848441981094
Yale_0050551,0.30936224489795916,0.5084467284825637,195.99999999724866,10.889327496136099
Yale_0050552,0.3029336734693877,0.4923885597077704,195.99999999767934,10.744733532181606
Yale_0050553,0.305,0.47975752902282154,195.99999999784814,10.5838142821294
Yale_0050554,0.3089285714285714,0.5121062433940103,195.99999999769815,10.745136145946567
Yale_0050555,0.3086989795918367,0.4971882342691144,195.99999999765663,10.563166223233997
Yale_0050556,0.30655612244897956,0.4986643559442715,195.99999999772484,10.651281722864088
Yale_0050557,0.3108163265306122,0.5056476796871564,195.9999999981536,10.88268076670937
Yale_0050558,0.30910714285714286,0.49184198352624847,195.9999999976211,10.4287954584371
Yale_0050559,0.30489795918367346,0.4874383316119021,195.99999999821705,10.628272300205172
Yale_0050560,0.31357142857142856,0.5013924685585606,195.99999999813724,10.879497454201747
Yale_0050561,0.3106632653061224,0.4967122221076603,195.99999999785473,10.865533389025126
Yale_0050562,0.2972704081632653,0.4867681760794267,195.99999999825718,10.480841020854442
Yale_0050563,0.3053826530612245,0.5069018213882078,195.9999999979299,10.78719436934604
Yale_0050564,0.31303571428571425,0.5029375459751358,195.9999999972492,10.77080010821954
Yale_0050565,0.3080102040816326,0.5060391545635082,195.99999999846426,10.469094700058772
Yale_0050566,0.30408163265306115,0.5144657159607324,195.99999999758842,10.735333183363863
Yale_0050567,0.3074489795918367,0.5099761323529093,195.99999999764637,10.612325248862625
Yale_0050568,0.3088520408163265,0.493825914898917,195.99999999711608,10.628205183510733
Yale_0050569,0.3049489795918367,0.4906308429120154,195.99999999741354,10.687568784933564
Yale_0050570,0.3048214285714285,0.5126507003609145,195.99999999706816,10.717675004548587
Yale_0050571,0.30400510204081627,0.4991477436249177,195.99999999828972,10.517028527976585
Yale_0050572,0.30242346938775505,0.5034710440278729,195.99999999738483,10.832746733537661
Yale_0050573,0.30119897959183667,0.49254387359578616,195.9999999981196,10.700424141388995
Yale_0050574,0.30839285714285714,0.5032267864318558,195.99999999730906,10.702576829617614
Yale_0050575,0.30663265306122445,0.4954609328486862,195.99999999710076,11.16727681671096
Yale_0050576,0.31140306122448974,0.5056996799909992,195.99999999731253,11.076683532519905
Yale_0050577,0.30974489795918364,0.5152514298784159,195.99999999784123,10.931873466865976
Yale_0050578,0.30803571428571425,0.48776470126501237,195.99999999816532,10.7125564407933
Yale_0050601,0.3040561224489795,0.5031242833440298,195.9999999981201,10.565318875266726
Yale_0050602,0.31410714285714286,0.4803384771728767,195.99999999840745,10.859887521379848
Yale_0050603,0.30326530612244895,0.502854473875405,195.99999999758728,10.460208764358443
Yale_0050604,0.30530612244897953,0.5013604063440451,195.99999999608926,10.512197069831878
Yale_0050605,0.2949489795918367,0.4844029764332492,188.15999997954376,4.583213426080925
Yale_0050606,0.3068367346938775,0.5033414157444104,195.9999999979938,10.781154095705224
Yale_0050607,0.3056632653061224,0.5096004028968063,195.99999999821208,10.643859925513597
Yale_0050608,0.3080867346938775,0.5097360556080948,195.99999999318075,10.45203459868108
Yale_0050609,0.31117346938775503,0.5001957117811666,195.9999999981195,11.053329944712425
Yale_0050610,0.30265306122448976,0.48524967089226334,195.99999999794977,10.826466099638747
Yale_0050611,0.3067857142857142,0.4760720450510786,195.99999999785604,10.764648206340723
Yale_0050612,0.30408163265306115,0.4925488493830572,195.99999999782972,10.187367004803896
Yale_0050613,0.3074234693877551,0.49789200342064693,195.99999999743108,10.786155193622857
Yale_0050614,0.3017602040816326,0.4901802818170667,195.9999999983215,10.820645071735141
Yale_0050615,0.3004336734693877,0.5032312548384467,195.9999999982452,10.191658939367137
Yale_0050616,0.30326530612244895,0.5169147776607013,195.99999999794989,10.490940877601696
Yale_0050617,0.30686224489795916,0.49904325118816517,195.99999999683388,10.688406678965652
Yale_0050618,0.3127295918367347,0.4717311244635563,195.99999999869877,10.484356353385001
Yale_0050619,0.30553571428571424,0.5080077818414496,195.99999999729954,10.374049507385857
Yale_0050620,0.3081122448979592,0.4966924732002399,195.99999999749787,10.873790340646895
Yale_0050621,0.3062499999999999,0.5195857551782699,195.99999999787434,10.507765426205731
Yale_0050622,0.3060459183673469,0.49638696482405825,195.9999999980686,10.795860041925515
Yale_0050623,0.30630102040816326,0.5000657612523765,195.99999999751302,10.755522275531161
Yale_0050624,0.30693877551020404,0.49999113957607905,195.9999999979883,10.777149854101925
Yale_0050625,0.2994897959183673,0.518516852397997,195.99999999668296,10.243222185468362
Yale_0050626,0.30326530612244895,0.4735042561569434,195.99999999822035,9.19264987156241
Yale_0050627,0.30492346938775505,0.4895485529108313,195.9999999957234,10.65060145835428
Yale_0050628,0.30204081632653057,0.5041046486046064,195.99999999751608,10.561661554353886
